"Indicator","PUBLISH STATES","Year","WHO region","Country","Sex","Display Value","Numeric","Low","High","Comments"
"Age-standardized DALYs, diabetes mellitus, per 100,000","Published","2004","Eastern Mediterranean","Afghanistan","Male","412","412","","",""
"Age-standardized DALYs, diabetes mellitus, per 100,000","Published","2004","Europe","Albania","Male","185","185","","",""
"Age-standardized DALYs, diabetes mellitus, per 100,000","Published","2004","Africa","Algeria","Male","322","322","","",""
"Age-standardized DALYs, diabetes mellitus, per 100,000","Published","2004","Africa","Algeria","Female","418","418","","",""
"Age-standardized DALYs, diabetes mellitus, per 100,000","Published","2004","Africa","Algeria","Both sexes","373","373","","",""
"Age-standardized DALYs, diabetes mellitus, per 100,000","Published","2004","Africa","Angola","Male","605","605","","",""
"Age-standardized DALYs, diabetes mellitus, per 100,000","Published","2004","Africa","Angola","Female","771","771","","",""
"Age-standardized DALYs, diabetes mellitus, per 100,000","Published","2004","Americas","Antigua and Barbuda","Both sexes","869","869","","",""
"Age-standardized DALYs, diabetes mellitus, per 100,000","Published","2004","Americas","Antigua and Barbuda","Female","924","924","","",""
"Age-standardized DALYs, diabetes mellitus, per 100,000","Published","2004","Europe","Armenia","Female","767","767","","",""
"Age-standardized DALYs, diabetes mellitus, per 100,000","Published","2004","Europe","Armenia","Both sexes","728","728","","",""
"Age-standardized DALYs, diabetes mellitus, per 100,000","Published","2004","Western Pacific","Australia","Female","171","171","","",""
"Age-standardized DALYs, diabetes mellitus, per 100,000","Published","2004","Western Pacific","Australia","Both sexes","201","201","","",""
"Age-standardized DALYs, diabetes mellitus, per 100,000","Published","2004","Europe","Azerbaijan","Male","450","450","","",""
"Age-standardized DALYs, diabetes mellitus, per 100,000","Published","2004","Europe","Azerbaijan","Female","576","576","","",""
"Age-standardized DALYs, diabetes mellitus, per 100,000","Published","2004","Europe","Azerbaijan","Both sexes","519","519","","",""
"Age-standardized DALYs, diabetes mellitus, per 100,000","Published","2004","Americas","Bahamas","Male","602","602","","",""
"Age-standardized DALYs, diabetes mellitus, per 100,000","Published","2004","Eastern Mediterranean","Bahrain","Both sexes","868","868","","",""
"Age-standardized DALYs, diabetes mellitus, per 100,000","Published","2004","South-East Asia","Bangladesh","Female","340","340","","",""
"Age-standardized DALYs, diabetes mellitus, per 100,000","Published","2004","South-East Asia","Bangladesh","Both sexes","330","330","","",""
"Age-standardized DALYs, diabetes mellitus, per 100,000","Published","2004","South-East Asia","Bangladesh","Male","320","320","","",""
"Age-standardized DALYs, diabetes mellitus, per 100,000","Published","2004","Americas","Barbados","Both sexes","635","635","","",""
"Age-standardized DALYs, diabetes mellitus, per 100,000","Published","2004","Europe","Belarus","Male","240","240","","",""
"Age-standardized DALYs, diabetes mellitus, per 100,000","Published","2004","Europe","Belgium","Male","168","168","","",""
"Age-standardized DALYs, diabetes mellitus, per 100,000","Published","2004","Europe","Belgium","Both sexes","182","182","","",""
"Age-standardized DALYs, diabetes mellitus, per 100,000","Published","2004","Europe","Belgium","Female","194","194","","",""
"Age-standardized DALYs, diabetes mellitus, per 100,000","Published","2004","Africa","Benin","Both sexes","557","557","","",""
"Age-standardized DALYs, diabetes mellitus, per 100,000","Published","2004","Africa","Benin","Female","643","643","","",""
"Age-standardized DALYs, diabetes mellitus, per 100,000","Published","2004","South-East Asia","Bhutan","Male","287","287","","",""
"Age-standardized DALYs, diabetes mellitus, per 100,000","Published","2004","South-East Asia","Bhutan","Female","264","264","","",""
"Age-standardized DALYs, diabetes mellitus, per 100,000","Published","2004","Europe","Bosnia and Herzegovina","Female","205","205","","",""
"Age-standardized DALYs, diabetes mellitus, per 100,000","Published","2004","Europe","Bosnia and Herzegovina","Both sexes","223","223","","",""
"Age-standardized DALYs, diabetes mellitus, per 100,000","Published","2004","Europe","Bosnia and Herzegovina","Male","238","238","","",""
"Age-standardized DALYs, diabetes mellitus, per 100,000","Published","2004","Africa","Botswana","Both sexes","405","405","","",""
"Age-standardized DALYs, diabetes mellitus, per 100,000","Published","2004","Africa","Botswana","Female","454","454","","",""
"Age-standardized DALYs, diabetes mellitus, per 100,000","Published","2004","Western Pacific","Brunei Darussalam","Both sexes","698","698","","",""
"Age-standardized DALYs, diabetes mellitus, per 100,000","Published","2004","Western Pacific","Brunei Darussalam","Female","716","716","","",""
"Age-standardized DALYs, diabetes mellitus, per 100,000","Published","2004","Western Pacific","Brunei Darussalam","Male","685","685","","",""
"Age-standardized DALYs, diabetes mellitus, per 100,000","Published","2004","Europe","Bulgaria","Both sexes","349","349","","",""
"Age-standardized DALYs, diabetes mellitus, per 100,000","Published","2004","Africa","Burkina Faso","Both sexes","582","582","","",""
"Age-standardized DALYs, diabetes mellitus, per 100,000","Published","2004","Africa","Burundi","Female","587","587","","",""
"Age-standardized DALYs, diabetes mellitus, per 100,000","Published","2004","Africa","Burundi","Male","468","468","","",""
"Age-standardized DALYs, diabetes mellitus, per 100,000","Published","2004","Africa","Burundi","Both sexes","541","541","","",""
"Age-standardized DALYs, diabetes mellitus, per 100,000","Published","2004","Africa","Cameroon","Female","564","564","","",""
"Age-standardized DALYs, diabetes mellitus, per 100,000","Published","2004","Americas","Canada","Female","336","336","","",""
"Age-standardized DALYs, diabetes mellitus, per 100,000","Published","2004","Americas","Canada","Both sexes","341","341","","",""
"Age-standardized DALYs, diabetes mellitus, per 100,000","Published","2004","Americas","Canada","Male","348","348","","",""
"Age-standardized DALYs, diabetes mellitus, per 100,000","Published","2004","Africa","Central African Republic","Male","425","425","","",""
"Age-standardized DALYs, diabetes mellitus, per 100,000","Published","2004","Africa","Central African Republic","Female","576","576","","",""
"Age-standardized DALYs, diabetes mellitus, per 100,000","Published","2004","Africa","Chad","Both sexes","600","600","","",""
"Age-standardized DALYs, diabetes mellitus, per 100,000","Published","2004","Africa","Chad","Male","507","507","","",""
"Age-standardized DALYs, diabetes mellitus, per 100,000","Published","2004","Western Pacific","China","Female","260","260","","",""
"Age-standardized DALYs, diabetes mellitus, per 100,000","Published","2004","Western Pacific","China","Male","205","205","","",""
"Age-standardized DALYs, diabetes mellitus, per 100,000","Published","2004","Western Pacific","China","Both sexes","232","232","","",""
"Age-standardized DALYs, diabetes mellitus, per 100,000","Published","2004","Americas","Colombia","Both sexes","389","389","","",""
"Age-standardized DALYs, diabetes mellitus, per 100,000","Published","2004","Africa","Congo","Both sexes","391","391","","",""
"Age-standardized DALYs, diabetes mellitus, per 100,000","Published","2004","Africa","Congo","Female","445","445","","",""
"Age-standardized DALYs, diabetes mellitus, per 100,000","Published","2004","Africa","Congo","Male","323","323","","",""
"Age-standardized DALYs, diabetes mellitus, per 100,000","Published","2004","Western Pacific","Cook Islands","Both sexes","568","568","","",""
"Age-standardized DALYs, diabetes mellitus, per 100,000","Published","2004","Americas","Costa Rica","Both sexes","366","366","","",""
"Age-standardized DALYs, diabetes mellitus, per 100,000","Published","2004","Europe","Croatia","Both sexes","172","172","","",""
"Age-standardized DALYs, diabetes mellitus, per 100,000","Published","2004","Europe","Croatia","Female","157","157","","",""
"Age-standardized DALYs, diabetes mellitus, per 100,000","Published","2004","Europe","Croatia","Male","185","185","","",""
"Age-standardized DALYs, diabetes mellitus, per 100,000","Published","2004","Europe","Cyprus","Female","717","717","","",""
"Age-standardized DALYs, diabetes mellitus, per 100,000","Published","2004","Europe","Cyprus","Both sexes","528","528","","",""
"Age-standardized DALYs, diabetes mellitus, per 100,000","Published","2004","Europe","Czech Republic","Both sexes","194","194","","",""
"Age-standardized DALYs, diabetes mellitus, per 100,000","Published","2004","Europe","Czech Republic","Male","210","210","","",""
"Age-standardized DALYs, diabetes mellitus, per 100,000","Published","2004","Africa","Democratic Republic of the Congo","Male","460","460","","",""
"Age-standardized DALYs, diabetes mellitus, per 100,000","Published","2004","Africa","Democratic Republic of the Congo","Female","607","607","","",""
"Age-standardized DALYs, diabetes mellitus, per 100,000","Published","2004","Europe","Denmark","Female","214","214","","",""
"Age-standardized DALYs, diabetes mellitus, per 100,000","Published","2004","Europe","Denmark","Both sexes","226","226","","",""
"Age-standardized DALYs, diabetes mellitus, per 100,000","Published","2004","Americas","Dominica","Male","523","523","","",""
"Age-standardized DALYs, diabetes mellitus, per 100,000","Published","2004","Americas","Dominica","Both sexes","629","629","","",""
"Age-standardized DALYs, diabetes mellitus, per 100,000","Published","2004","Americas","Dominica","Female","724","724","","",""
"Age-standardized DALYs, diabetes mellitus, per 100,000","Published","2004","Americas","Dominican Republic","Female","684","684","","",""
"Age-standardized DALYs, diabetes mellitus, per 100,000","Published","2004","Americas","Ecuador","Male","525","525","","",""
"Age-standardized DALYs, diabetes mellitus, per 100,000","Published","2004","Eastern Mediterranean","Egypt","Both sexes","414","414","","",""
"Age-standardized DALYs, diabetes mellitus, per 100,000","Published","2004","Eastern Mediterranean","Egypt","Male","403","403","","",""
"Age-standardized DALYs, diabetes mellitus, per 100,000","Published","2004","Eastern Mediterranean","Egypt","Female","422","422","","",""
"Age-standardized DALYs, diabetes mellitus, per 100,000","Published","2004","Americas","El Salvador","Male","336","336","","",""
"Age-standardized DALYs, diabetes mellitus, per 100,000","Published","2004","Africa","Equatorial Guinea","Both sexes","651","651","","",""
"Age-standardized DALYs, diabetes mellitus, per 100,000","Published","2004","Africa","Eritrea","Both sexes","411","411","","",""
"Age-standardized DALYs, diabetes mellitus, per 100,000","Published","2004","Africa","Eritrea","Female","463","463","","",""
"Age-standardized DALYs, diabetes mellitus, per 100,000","Published","2004","Africa","Eritrea","Male","335","335","","",""
"Age-standardized DALYs, diabetes mellitus, per 100,000","Published","2004","Africa","Ethiopia","Both sexes","496","496","","",""
"Age-standardized DALYs, diabetes mellitus, per 100,000","Published","2004","Africa","Ethiopia","Female","578","578","","",""
"Age-standardized DALYs, diabetes mellitus, per 100,000","Published","2004","Western Pacific","Fiji","Female","669","669","","",""
"Age-standardized DALYs, diabetes mellitus, per 100,000","Published","2004","Western Pacific","Fiji","Male","786","786","","",""
"Age-standardized DALYs, diabetes mellitus, per 100,000","Published","2004","Europe","France","Female","182","182","","",""
"Age-standardized DALYs, diabetes mellitus, per 100,000","Published","2004","Europe","France","Both sexes","184","184","","",""
"Age-standardized DALYs, diabetes mellitus, per 100,000","Published","2004","Europe","France","Male","186","186","","",""
"Age-standardized DALYs, diabetes mellitus, per 100,000","Published","2004","Africa","Gabon","Female","451","451","","",""
"Age-standardized DALYs, diabetes mellitus, per 100,000","Published","2004","Africa","Gabon","Male","372","372","","",""
"Age-standardized DALYs, diabetes mellitus, per 100,000","Published","2004","Europe","Georgia","Both sexes","227","227","","",""
"Age-standardized DALYs, diabetes mellitus, per 100,000","Published","2004","Europe","Georgia","Female","240","240","","",""
"Age-standardized DALYs, diabetes mellitus, per 100,000","Published","2004","Europe","Georgia","Male","211","211","","",""
"Age-standardized DALYs, diabetes mellitus, per 100,000","Published","2004","Europe","Germany","Female","211","211","","",""
"Age-standardized DALYs, diabetes mellitus, per 100,000","Published","2004","Africa","Ghana","Male","276","276","","",""
"Age-standardized DALYs, diabetes mellitus, per 100,000","Published","2004","Europe","Greece","Male","240","240","","",""
"Age-standardized DALYs, diabetes mellitus, per 100,000","Published","2004","Europe","Greece","Both sexes","256","256","","",""
"Age-standardized DALYs, diabetes mellitus, per 100,000","Published","2004","Europe","Greece","Female","268","268","","",""
"Age-standardized DALYs, diabetes mellitus, per 100,000","Published","2004","Americas","Guatemala","Both sexes","530","530","","",""
"Age-standardized DALYs, diabetes mellitus, per 100,000","Published","2004","Africa","Guinea","Both sexes","501","501","","",""
"Age-standardized DALYs, diabetes mellitus, per 100,000","Published","2004","Africa","Guinea","Female","575","575","","",""
"Age-standardized DALYs, diabetes mellitus, per 100,000","Published","2004","Africa","Guinea","Male","416","416","","",""
"Age-standardized DALYs, diabetes mellitus, per 100,000","Published","2004","Americas","Guyana","Female","1356","1356","","",""
"Age-standardized DALYs, diabetes mellitus, per 100,000","Published","2004","Americas","Guyana","Male","769","769","","",""
"Age-standardized DALYs, diabetes mellitus, per 100,000","Published","2004","Americas","Haiti","Both sexes","694","694","","",""
"Age-standardized DALYs, diabetes mellitus, per 100,000","Published","2004","Americas","Haiti","Female","829","829","","",""
"Age-standardized DALYs, diabetes mellitus, per 100,000","Published","2004","Europe","Hungary","Both sexes","269","269","","",""
"Age-standardized DALYs, diabetes mellitus, per 100,000","Published","2004","Europe","Hungary","Female","254","254","","",""
"Age-standardized DALYs, diabetes mellitus, per 100,000","Published","2004","Europe","Hungary","Male","285","285","","",""
"Age-standardized DALYs, diabetes mellitus, per 100,000","Published","2004","Europe","Iceland","Both sexes","96","96","","",""
"Age-standardized DALYs, diabetes mellitus, per 100,000","Published","2004","South-East Asia","Indonesia","Female","647","647","","",""
"Age-standardized DALYs, diabetes mellitus, per 100,000","Published","2004","South-East Asia","Indonesia","Both sexes","592","592","","",""
"Age-standardized DALYs, diabetes mellitus, per 100,000","Published","2004","South-East Asia","Indonesia","Male","533","533","","",""
"Age-standardized DALYs, diabetes mellitus, per 100,000","Published","2004","Eastern Mediterranean","Iran (Islamic Republic of)","Female","479","479","","",""
"Age-standardized DALYs, diabetes mellitus, per 100,000","Published","2004","Eastern Mediterranean","Iraq","Both sexes","384","384","","",""
"Age-standardized DALYs, diabetes mellitus, per 100,000","Published","2004","Europe","Ireland","Female","144","144","","",""
"Age-standardized DALYs, diabetes mellitus, per 100,000","Published","2004","Europe","Ireland","Male","150","150","","",""
"Age-standardized DALYs, diabetes mellitus, per 100,000","Published","2004","Europe","Ireland","Both sexes","146","146","","",""
"Age-standardized DALYs, diabetes mellitus, per 100,000","Published","2004","Europe","Italy","Both sexes","276","276","","",""
"Age-standardized DALYs, diabetes mellitus, per 100,000","Published","2004","Europe","Italy","Female","254","254","","",""
"Age-standardized DALYs, diabetes mellitus, per 100,000","Published","2004","Americas","Jamaica","Female","494","494","","",""
"Age-standardized DALYs, diabetes mellitus, per 100,000","Published","2004","Americas","Jamaica","Male","390","390","","",""
"Age-standardized DALYs, diabetes mellitus, per 100,000","Published","2004","Eastern Mediterranean","Jordan","Male","410","410","","",""
"Age-standardized DALYs, diabetes mellitus, per 100,000","Published","2004","Eastern Mediterranean","Jordan","Female","499","499","","",""
"Age-standardized DALYs, diabetes mellitus, per 100,000","Published","2004","Europe","Kazakhstan","Female","205","205","","",""
"Age-standardized DALYs, diabetes mellitus, per 100,000","Published","2004","Europe","Kazakhstan","Male","190","190","","",""
"Age-standardized DALYs, diabetes mellitus, per 100,000","Published","2004","Western Pacific","Kiribati","Male","1571","1571","","",""
"Age-standardized DALYs, diabetes mellitus, per 100,000","Published","2004","Western Pacific","Kiribati","Female","1278","1278","","",""
"Age-standardized DALYs, diabetes mellitus, per 100,000","Published","2004","Western Pacific","Kiribati","Both sexes","1429","1429","","",""
"Age-standardized DALYs, diabetes mellitus, per 100,000","Published","2004","Eastern Mediterranean","Kuwait","Both sexes","634","634","","",""
"Age-standardized DALYs, diabetes mellitus, per 100,000","Published","2004","Europe","Kyrgyzstan","Male","253","253","","",""
"Age-standardized DALYs, diabetes mellitus, per 100,000","Published","2004","Western Pacific","Lao People's Democratic Republic","Both sexes","259","259","","",""
"Age-standardized DALYs, diabetes mellitus, per 100,000","Published","2004","Western Pacific","Lao People's Democratic Republic","Male","250","250","","",""
"Age-standardized DALYs, diabetes mellitus, per 100,000","Published","2004","Western Pacific","Lao People's Democratic Republic","Female","268","268","","",""
"Age-standardized DALYs, diabetes mellitus, per 100,000","Published","2004","Europe","Latvia","Female","250","250","","",""
"Age-standardized DALYs, diabetes mellitus, per 100,000","Published","2004","Eastern Mediterranean","Lebanon","Female","528","528","","",""
"Age-standardized DALYs, diabetes mellitus, per 100,000","Published","2004","Africa","Lesotho","Male","337","337","","",""
"Age-standardized DALYs, diabetes mellitus, per 100,000","Published","2004","Africa","Lesotho","Female","394","394","","",""
"Age-standardized DALYs, diabetes mellitus, per 100,000","Published","2004","Africa","Lesotho","Both sexes","371","371","","",""
"Age-standardized DALYs, diabetes mellitus, per 100,000","Published","2004","Eastern Mediterranean","Libya","Female","261","261","","",""
"Age-standardized DALYs, diabetes mellitus, per 100,000","Published","2004","Eastern Mediterranean","Libya","Both sexes","237","237","","",""
"Age-standardized DALYs, diabetes mellitus, per 100,000","Published","2004","Europe","Lithuania","Male","231","231","","",""
"Age-standardized DALYs, diabetes mellitus, per 100,000","Published","2004","Europe","Lithuania","Both sexes","218","218","","",""
"Age-standardized DALYs, diabetes mellitus, per 100,000","Published","2004","Africa","Madagascar","Male","378","378","","",""
"Age-standardized DALYs, diabetes mellitus, per 100,000","Published","2004","Africa","Madagascar","Both sexes","463","463","","",""
"Age-standardized DALYs, diabetes mellitus, per 100,000","Published","2004","Africa","Madagascar","Female","539","539","","",""
"Age-standardized DALYs, diabetes mellitus, per 100,000","Published","2004","Africa","Malawi","Male","365","365","","",""
"Age-standardized DALYs, diabetes mellitus, per 100,000","Published","2004","Africa","Malawi","Both sexes","443","443","","",""
"Age-standardized DALYs, diabetes mellitus, per 100,000","Published","2004","South-East Asia","Maldives","Female","640","640","","",""
"Age-standardized DALYs, diabetes mellitus, per 100,000","Published","2004","South-East Asia","Maldives","Both sexes","554","554","","",""
"Age-standardized DALYs, diabetes mellitus, per 100,000","Published","2004","South-East Asia","Maldives","Male","478","478","","",""
"Age-standardized DALYs, diabetes mellitus, per 100,000","Published","2004","Africa","Mali","Both sexes","619","619","","",""
"Age-standardized DALYs, diabetes mellitus, per 100,000","Published","2004","Europe","Malta","Female","379","379","","",""
"Age-standardized DALYs, diabetes mellitus, per 100,000","Published","2004","Western Pacific","Marshall Islands","Male","964","964","","",""
"Age-standardized DALYs, diabetes mellitus, per 100,000","Published","2004","Western Pacific","Marshall Islands","Both sexes","899","899","","",""
"Age-standardized DALYs, diabetes mellitus, per 100,000","Published","2004","Western Pacific","Marshall Islands","Female","832","832","","",""
"Age-standardized DALYs, diabetes mellitus, per 100,000","Published","2004","Africa","Mauritius","Male","1080","1080","","",""
"Age-standardized DALYs, diabetes mellitus, per 100,000","Published","2004","Africa","Mauritius","Both sexes","1104","1104","","",""
"Age-standardized DALYs, diabetes mellitus, per 100,000","Published","2004","Americas","Mexico","Both sexes","1004","1004","","",""
"Age-standardized DALYs, diabetes mellitus, per 100,000","Published","2004","Americas","Mexico","Male","869","869","","",""
"Age-standardized DALYs, diabetes mellitus, per 100,000","Published","2004","Americas","Mexico","Female","1128","1128","","",""
"Age-standardized DALYs, diabetes mellitus, per 100,000","Published","2004","Europe","Monaco","Both sexes","223","223","","",""
"Age-standardized DALYs, diabetes mellitus, per 100,000","Published","2004","Europe","Monaco","Female","206","206","","",""
"Age-standardized DALYs, diabetes mellitus, per 100,000","Published","2004","Western Pacific","Mongolia","Both sexes","104","104","","",""
"Age-standardized DALYs, diabetes mellitus, per 100,000","Published","2004","Western Pacific","Mongolia","Female","113","113","","",""
"Age-standardized DALYs, diabetes mellitus, per 100,000","Published","2004","Eastern Mediterranean","Morocco","Female","195","195","","",""
"Age-standardized DALYs, diabetes mellitus, per 100,000","Published","2004","Eastern Mediterranean","Morocco","Male","201","201","","",""
"Age-standardized DALYs, diabetes mellitus, per 100,000","Published","2004","Eastern Mediterranean","Morocco","Both sexes","198","198","","",""
"Age-standardized DALYs, diabetes mellitus, per 100,000","Published","2004","Africa","Mozambique","Both sexes","459","459","","",""
"Age-standardized DALYs, diabetes mellitus, per 100,000","Published","2004","Africa","Namibia","Both sexes","322","322","","",""
"Age-standardized DALYs, diabetes mellitus, per 100,000","Published","2004","Africa","Namibia","Female","326","326","","",""
"Age-standardized DALYs, diabetes mellitus, per 100,000","Published","2004","Africa","Namibia","Male","317","317","","",""
"Age-standardized DALYs, diabetes mellitus, per 100,000","Published","2004","Western Pacific","Nauru","Male","1756","1756","","",""
"Age-standardized DALYs, diabetes mellitus, per 100,000","Published","2004","South-East Asia","Nepal","Male","347","347","","",""
"Age-standardized DALYs, diabetes mellitus, per 100,000","Published","2004","Europe","Netherlands","Male","203","203","","",""
"Age-standardized DALYs, diabetes mellitus, per 100,000","Published","2004","Europe","Netherlands","Both sexes","195","195","","",""
"Age-standardized DALYs, diabetes mellitus, per 100,000","Published","2004","Europe","Netherlands","Female","188","188","","",""
"Age-standardized DALYs, diabetes mellitus, per 100,000","Published","2004","Americas","Nicaragua","Female","847","847","","",""
"Age-standardized DALYs, diabetes mellitus, per 100,000","Published","2004","Americas","Nicaragua","Male","583","583","","",""
"Age-standardized DALYs, diabetes mellitus, per 100,000","Published","2004","Africa","Niger","Male","520","520","","",""
"Age-standardized DALYs, diabetes mellitus, per 100,000","Published","2004","Africa","Niger","Female","722","722","","",""
"Age-standardized DALYs, diabetes mellitus, per 100,000","Published","2004","Western Pacific","Niue","Male","610","610","","",""
"Age-standardized DALYs, diabetes mellitus, per 100,000","Published","2004","Western Pacific","Niue","Both sexes","592","592","","",""
"Age-standardized DALYs, diabetes mellitus, per 100,000","Published","2004","Europe","Norway","Male","178","178","","",""
"Age-standardized DALYs, diabetes mellitus, per 100,000","Published","2004","Europe","Norway","Both sexes","175","175","","",""
"Age-standardized DALYs, diabetes mellitus, per 100,000","Published","2004","Eastern Mediterranean","Pakistan","Female","337","337","","",""
"Age-standardized DALYs, diabetes mellitus, per 100,000","Published","2004","Eastern Mediterranean","Pakistan","Male","398","398","","",""
"Age-standardized DALYs, diabetes mellitus, per 100,000","Published","2004","Eastern Mediterranean","Pakistan","Both sexes","369","369","","",""
"Age-standardized DALYs, diabetes mellitus, per 100,000","Published","2004","Western Pacific","Palau","Both sexes","821","821","","",""
"Age-standardized DALYs, diabetes mellitus, per 100,000","Published","2004","Americas","Panama","Both sexes","416","416","","",""
"Age-standardized DALYs, diabetes mellitus, per 100,000","Published","2004","Western Pacific","Papua New Guinea","Male","504","504","","",""
"Age-standardized DALYs, diabetes mellitus, per 100,000","Published","2004","Western Pacific","Papua New Guinea","Both sexes","498","498","","",""
"Age-standardized DALYs, diabetes mellitus, per 100,000","Published","2004","Western Pacific","Papua New Guinea","Female","493","493","","",""
"Age-standardized DALYs, diabetes mellitus, per 100,000","Published","2004","Americas","Paraguay","Male","544","544","","",""
"Age-standardized DALYs, diabetes mellitus, per 100,000","Published","2004","Americas","Peru","Female","396","396","","",""
"Age-standardized DALYs, diabetes mellitus, per 100,000","Published","2004","Western Pacific","Philippines","Female","568","568","","",""
"Age-standardized DALYs, diabetes mellitus, per 100,000","Published","2004","Western Pacific","Philippines","Both sexes","555","555","","",""
"Age-standardized DALYs, diabetes mellitus, per 100,000","Published","2004","Western Pacific","Philippines","Male","538","538","","",""
"Age-standardized DALYs, diabetes mellitus, per 100,000","Published","2004","Europe","Portugal","Both sexes","324","324","","",""
"Age-standardized DALYs, diabetes mellitus, per 100,000","Published","2004","Europe","Portugal","Male","339","339","","",""
"Age-standardized DALYs, diabetes mellitus, per 100,000","Published","2004","Eastern Mediterranean","Qatar","Male","739","739","","",""
"Age-standardized DALYs, diabetes mellitus, per 100,000","Published","2004","Eastern Mediterranean","Qatar","Both sexes","759","759","","",""
"Age-standardized DALYs, diabetes mellitus, per 100,000","Published","2004","Europe","Republic of Moldova","Male","218","218","","",""
"Age-standardized DALYs, diabetes mellitus, per 100,000","Published","2004","Europe","Republic of Moldova","Both sexes","227","227","","",""
"Age-standardized DALYs, diabetes mellitus, per 100,000","Published","2004","Europe","Republic of Moldova","Female","232","232","","",""
"Age-standardized DALYs, diabetes mellitus, per 100,000","Published","2004","Europe","Romania","Both sexes","258","258","","",""
"Age-standardized DALYs, diabetes mellitus, per 100,000","Published","2004","Europe","Romania","Male","263","263","","",""
"Age-standardized DALYs, diabetes mellitus, per 100,000","Published","2004","Africa","Rwanda","Male","424","424","","",""
"Age-standardized DALYs, diabetes mellitus, per 100,000","Published","2004","Africa","Rwanda","Female","581","581","","",""
"Age-standardized DALYs, diabetes mellitus, per 100,000","Published","2004","Africa","Rwanda","Both sexes","515","515","","",""
"Age-standardized DALYs, diabetes mellitus, per 100,000","Published","2004","Americas","Saint Kitts and Nevis","Male","524","524","","",""
"Age-standardized DALYs, diabetes mellitus, per 100,000","Published","2004","Americas","Saint Lucia","Both sexes","915","915","","",""
"Age-standardized DALYs, diabetes mellitus, per 100,000","Published","2004","Americas","Saint Vincent and the Grenadines","Both sexes","1301","1301","","",""
"Age-standardized DALYs, diabetes mellitus, per 100,000","Published","2004","Americas","Saint Vincent and the Grenadines","Male","1035","1035","","",""
"Age-standardized DALYs, diabetes mellitus, per 100,000","Published","2004","Americas","Saint Vincent and the Grenadines","Female","1539","1539","","",""
"Age-standardized DALYs, diabetes mellitus, per 100,000","Published","2004","Europe","San Marino","Male","214","214","","",""
"Age-standardized DALYs, diabetes mellitus, per 100,000","Published","2004","Europe","San Marino","Female","201","201","","",""
"Age-standardized DALYs, diabetes mellitus, per 100,000","Published","2004","Africa","Sao Tome and Principe","Male","346","346","","",""
"Age-standardized DALYs, diabetes mellitus, per 100,000","Published","2004","Africa","Sao Tome and Principe","Both sexes","470","470","","",""
"Age-standardized DALYs, diabetes mellitus, per 100,000","Published","2004","Africa","Sao Tome and Principe","Female","576","576","","",""
"Age-standardized DALYs, diabetes mellitus, per 100,000","Published","2004","Africa","Senegal","Male","470","470","","",""
"Age-standardized DALYs, diabetes mellitus, per 100,000","Published","2004","Africa","Senegal","Both sexes","539","539","","",""
"Age-standardized DALYs, diabetes mellitus, per 100,000","Published","2004","Africa","Seychelles","Male","798","798","","",""
"Age-standardized DALYs, diabetes mellitus, per 100,000","Published","2004","Africa","Seychelles","Female","724","724","","",""
"Age-standardized DALYs, diabetes mellitus, per 100,000","Published","2004","Western Pacific","Singapore","Male","559","559","","",""
"Age-standardized DALYs, diabetes mellitus, per 100,000","Published","2004","Western Pacific","Singapore","Both sexes","563","563","","",""
"Age-standardized DALYs, diabetes mellitus, per 100,000","Published","2004","Western Pacific","Singapore","Female","565","565","","",""
"Age-standardized DALYs, diabetes mellitus, per 100,000","Published","2004","Europe","Slovakia","Both sexes","250","250","","",""
"Age-standardized DALYs, diabetes mellitus, per 100,000","Published","2004","Western Pacific","Solomon Islands","Both sexes","569","569","","",""
"Age-standardized DALYs, diabetes mellitus, per 100,000","Published","2004","Western Pacific","Solomon Islands","Female","531","531","","",""
"Age-standardized DALYs, diabetes mellitus, per 100,000","Published","2004","Western Pacific","Solomon Islands","Male","606","606","","",""
"Age-standardized DALYs, diabetes mellitus, per 100,000","Published","2004","Eastern Mediterranean","Somalia","Female","624","624","","",""
"Age-standardized DALYs, diabetes mellitus, per 100,000","Published","2004","Africa","South Africa","Male","724","724","","",""
"Age-standardized DALYs, diabetes mellitus, per 100,000","Published","2004","Europe","Spain","Both sexes","243","243","","",""
"Age-standardized DALYs, diabetes mellitus, per 100,000","Published","2004","Europe","Spain","Male","254","254","","",""
"Age-standardized DALYs, diabetes mellitus, per 100,000","Published","2004","Europe","Spain","Female","230","230","","",""
"Age-standardized DALYs, diabetes mellitus, per 100,000","Published","2004","Eastern Mediterranean","Sudan","Male","412","412","","",""
"Age-standardized DALYs, diabetes mellitus, per 100,000","Published","2004","Eastern Mediterranean","Sudan","Both sexes","456","456","","",""
"Age-standardized DALYs, diabetes mellitus, per 100,000","Published","2004","Americas","Suriname","Both sexes","592","592","","",""
"Age-standardized DALYs, diabetes mellitus, per 100,000","Published","2004","Americas","Suriname","Female","536","536","","",""
"Age-standardized DALYs, diabetes mellitus, per 100,000","Published","2004","Europe","Sweden","Both sexes","204","204","","",""
"Age-standardized DALYs, diabetes mellitus, per 100,000","Published","2004","Europe","Sweden","Female","203","203","","",""
"Age-standardized DALYs, diabetes mellitus, per 100,000","Published","2004","Europe","Switzerland","Both sexes","181","181","","",""
"Age-standardized DALYs, diabetes mellitus, per 100,000","Published","2004","Europe","Switzerland","Female","181","181","","",""
"Age-standardized DALYs, diabetes mellitus, per 100,000","Published","2004","Europe","Tajikistan","Male","260","260","","",""
"Age-standardized DALYs, diabetes mellitus, per 100,000","Published","2004","Europe","Tajikistan","Female","302","302","","",""
"Age-standardized DALYs, diabetes mellitus, per 100,000","Published","2004","Europe","Tajikistan","Both sexes","282","282","","",""
"Age-standardized DALYs, diabetes mellitus, per 100,000","Published","2004","South-East Asia","Thailand","Both sexes","535","535","","",""
"Age-standardized DALYs, diabetes mellitus, per 100,000","Published","2004","Europe","The former Yugoslav Republic of Macedonia","Male","284","284","","",""
"Age-standardized DALYs, diabetes mellitus, per 100,000","Published","2004","South-East Asia","Timor-Leste","Both sexes","418","418","","",""
"Age-standardized DALYs, diabetes mellitus, per 100,000","Published","2004","South-East Asia","Timor-Leste","Female","410","410","","",""
"Age-standardized DALYs, diabetes mellitus, per 100,000","Published","2004","South-East Asia","Timor-Leste","Male","426","426","","",""
"Age-standardized DALYs, diabetes mellitus, per 100,000","Published","2004","Africa","Togo","Male","458","458","","",""
"Age-standardized DALYs, diabetes mellitus, per 100,000","Published","2004","Western Pacific","Tonga","Both sexes","634","634","","",""
"Age-standardized DALYs, diabetes mellitus, per 100,000","Published","2004","Americas","Trinidad and Tobago","Male","1436","1436","","",""
"Age-standardized DALYs, diabetes mellitus, per 100,000","Published","2004","Americas","Trinidad and Tobago","Both sexes","1435","1435","","",""
"Age-standardized DALYs, diabetes mellitus, per 100,000","Published","2004","Americas","Trinidad and Tobago","Female","1432","1432","","",""
"Age-standardized DALYs, diabetes mellitus, per 100,000","Published","2004","Europe","Turkey","Both sexes","364","364","","",""
"Age-standardized DALYs, diabetes mellitus, per 100,000","Published","2004","Europe","Turkey","Female","417","417","","",""
"Age-standardized DALYs, diabetes mellitus, per 100,000","Published","2004","Europe","Turkmenistan","Male","317","317","","",""
"Age-standardized DALYs, diabetes mellitus, per 100,000","Published","2004","Europe","Turkmenistan","Both sexes","303","303","","",""
"Age-standardized DALYs, diabetes mellitus, per 100,000","Published","2004","Africa","Uganda","Both sexes","439","439","","",""
"Age-standardized DALYs, diabetes mellitus, per 100,000","Published","2004","Africa","Uganda","Female","478","478","","",""
"Age-standardized DALYs, diabetes mellitus, per 100,000","Published","2004","Africa","Uganda","Male","387","387","","",""
"Age-standardized DALYs, diabetes mellitus, per 100,000","Published","2004","Europe","Ukraine","Both sexes","192","192","","",""
"Age-standardized DALYs, diabetes mellitus, per 100,000","Published","2004","Europe","Ukraine","Female","196","196","","",""
"Age-standardized DALYs, diabetes mellitus, per 100,000","Published","2004","Europe","United Kingdom","Both sexes","168","168","","",""
"Age-standardized DALYs, diabetes mellitus, per 100,000","Published","2004","Europe","United Kingdom","Male","163","163","","",""
"Age-standardized DALYs, diabetes mellitus, per 100,000","Published","2004","Europe","United Kingdom","Female","173","173","","",""
"Age-standardized DALYs, diabetes mellitus, per 100,000","Published","2004","Africa","United Republic of Tanzania","Female","585","585","","",""
"Age-standardized DALYs, diabetes mellitus, per 100,000","Published","2004","Americas","United States of America","Female","375","375","","",""
"Age-standardized DALYs, diabetes mellitus, per 100,000","Published","2004","Americas","Uruguay","Both sexes","458","458","","",""
"Age-standardized DALYs, diabetes mellitus, per 100,000","Published","2004","Americas","Uruguay","Male","369","369","","",""
"Age-standardized DALYs, diabetes mellitus, per 100,000","Published","2004","Americas","Uruguay","Female","535","535","","",""
"Age-standardized DALYs, diabetes mellitus, per 100,000","Published","2004","Western Pacific","Vanuatu","Female","600","600","","",""
"Age-standardized DALYs, diabetes mellitus, per 100,000","Published","2004","Western Pacific","Vanuatu","Male","686","686","","",""
"Age-standardized DALYs, diabetes mellitus, per 100,000","Published","2004","Americas","Venezuela (Bolivarian Republic of)","Male","481","481","","",""
"Age-standardized DALYs, diabetes mellitus, per 100,000","Published","2004","Americas","Venezuela (Bolivarian Republic of)","Female","572","572","","",""
"Age-standardized DALYs, diabetes mellitus, per 100,000","Published","2004","Americas","Venezuela (Bolivarian Republic of)","Both sexes","529","529","","",""
"Age-standardized DALYs, diabetes mellitus, per 100,000","Published","2004","Eastern Mediterranean","Yemen","Female","334","334","","",""
"Age-standardized DALYs, diabetes mellitus, per 100,000","Published","2004","Eastern Mediterranean","Yemen","Both sexes","290","290","","",""
"Age-standardized DALYs, diabetes mellitus, per 100,000","Published","2004","Africa","Zambia","Both sexes","487","487","","",""
"Age-standardized DALYs, diabetes mellitus, per 100,000","Published","2004","Africa","Zambia","Female","550","550","","",""
"Age-standardized DALYs, diabetes mellitus, per 100,000","Published","2004","Africa","Côte d'Ivoire","Female","686","686","","",""
"Age-standardized DALYs, diabetes mellitus, per 100,000","Published","2004","Africa","Côte d'Ivoire","Male","588","588","","",""
"Age-standardized DALYs, diabetes mellitus, per 100,000","Published","2004","Africa","Côte d'Ivoire","Both sexes","636","636","","",""
"Age-standardized DALYs, diabetes mellitus, per 100,000","Published","2004","Eastern Mediterranean","Afghanistan","Female","371","371","","",""
"Age-standardized DALYs, diabetes mellitus, per 100,000","Published","2004","Eastern Mediterranean","Afghanistan","Both sexes","394","394","","",""
"Age-standardized DALYs, diabetes mellitus, per 100,000","Published","2004","Europe","Albania","Both sexes","177","177","","",""
"Age-standardized DALYs, diabetes mellitus, per 100,000","Published","2004","Europe","Albania","Female","169","169","","",""
"Age-standardized DALYs, diabetes mellitus, per 100,000","Published","2004","Europe","Andorra","Both sexes","238","238","","",""
"Age-standardized DALYs, diabetes mellitus, per 100,000","Published","2004","Europe","Andorra","Male","253","253","","",""
"Age-standardized DALYs, diabetes mellitus, per 100,000","Published","2004","Europe","Andorra","Female","222","222","","",""
"Age-standardized DALYs, diabetes mellitus, per 100,000","Published","2004","Africa","Angola","Both sexes","695","695","","",""
"Age-standardized DALYs, diabetes mellitus, per 100,000","Published","2004","Americas","Antigua and Barbuda","Male","810","810","","",""
"Age-standardized DALYs, diabetes mellitus, per 100,000","Published","2004","Americas","Argentina","Both sexes","467","467","","",""
"Age-standardized DALYs, diabetes mellitus, per 100,000","Published","2004","Americas","Argentina","Female","513","513","","",""
"Age-standardized DALYs, diabetes mellitus, per 100,000","Published","2004","Americas","Argentina","Male","417","417","","",""
"Age-standardized DALYs, diabetes mellitus, per 100,000","Published","2004","Europe","Armenia","Male","669","669","","",""
"Age-standardized DALYs, diabetes mellitus, per 100,000","Published","2004","Western Pacific","Australia","Male","232","232","","",""
"Age-standardized DALYs, diabetes mellitus, per 100,000","Published","2004","Europe","Austria","Female","239","239","","",""
"Age-standardized DALYs, diabetes mellitus, per 100,000","Published","2004","Europe","Austria","Male","284","284","","",""
"Age-standardized DALYs, diabetes mellitus, per 100,000","Published","2004","Europe","Austria","Both sexes","261","261","","",""
"Age-standardized DALYs, diabetes mellitus, per 100,000","Published","2004","Americas","Bahamas","Both sexes","690","690","","",""
"Age-standardized DALYs, diabetes mellitus, per 100,000","Published","2004","Americas","Bahamas","Female","769","769","","",""
"Age-standardized DALYs, diabetes mellitus, per 100,000","Published","2004","Eastern Mediterranean","Bahrain","Female","898","898","","",""
"Age-standardized DALYs, diabetes mellitus, per 100,000","Published","2004","Eastern Mediterranean","Bahrain","Male","849","849","","",""
"Age-standardized DALYs, diabetes mellitus, per 100,000","Published","2004","Americas","Barbados","Male","617","617","","",""
"Age-standardized DALYs, diabetes mellitus, per 100,000","Published","2004","Americas","Barbados","Female","654","654","","",""
"Age-standardized DALYs, diabetes mellitus, per 100,000","Published","2004","Europe","Belarus","Both sexes","295","295","","",""
"Age-standardized DALYs, diabetes mellitus, per 100,000","Published","2004","Europe","Belarus","Female","340","340","","",""
"Age-standardized DALYs, diabetes mellitus, per 100,000","Published","2004","Americas","Belize","Female","747","747","","",""
"Age-standardized DALYs, diabetes mellitus, per 100,000","Published","2004","Americas","Belize","Both sexes","666","666","","",""
"Age-standardized DALYs, diabetes mellitus, per 100,000","Published","2004","Americas","Belize","Male","581","581","","",""
"Age-standardized DALYs, diabetes mellitus, per 100,000","Published","2004","Africa","Benin","Male","451","451","","",""
"Age-standardized DALYs, diabetes mellitus, per 100,000","Published","2004","South-East Asia","Bhutan","Both sexes","276","276","","",""
"Age-standardized DALYs, diabetes mellitus, per 100,000","Published","2004","Americas","Bolivia (Plurinational State of)","Male","435","435","","",""
"Age-standardized DALYs, diabetes mellitus, per 100,000","Published","2004","Americas","Bolivia (Plurinational State of)","Both sexes","449","449","","",""
"Age-standardized DALYs, diabetes mellitus, per 100,000","Published","2004","Americas","Bolivia (Plurinational State of)","Female","459","459","","",""
"Age-standardized DALYs, diabetes mellitus, per 100,000","Published","2004","Africa","Botswana","Male","345","345","","",""
"Age-standardized DALYs, diabetes mellitus, per 100,000","Published","2004","Americas","Brazil","Both sexes","509","509","","",""
"Age-standardized DALYs, diabetes mellitus, per 100,000","Published","2004","Americas","Brazil","Male","441","441","","",""
"Age-standardized DALYs, diabetes mellitus, per 100,000","Published","2004","Americas","Brazil","Female","566","566","","",""
"Age-standardized DALYs, diabetes mellitus, per 100,000","Published","2004","Europe","Bulgaria","Female","342","342","","",""
"Age-standardized DALYs, diabetes mellitus, per 100,000","Published","2004","Europe","Bulgaria","Male","356","356","","",""
"Age-standardized DALYs, diabetes mellitus, per 100,000","Published","2004","Africa","Burkina Faso","Female","661","661","","",""
"Age-standardized DALYs, diabetes mellitus, per 100,000","Published","2004","Africa","Burkina Faso","Male","479","479","","",""
"Age-standardized DALYs, diabetes mellitus, per 100,000","Published","2004","Western Pacific","Cambodia","Both sexes","496","496","","",""
"Age-standardized DALYs, diabetes mellitus, per 100,000","Published","2004","Western Pacific","Cambodia","Male","398","398","","",""
"Age-standardized DALYs, diabetes mellitus, per 100,000","Published","2004","Western Pacific","Cambodia","Female","556","556","","",""
"Age-standardized DALYs, diabetes mellitus, per 100,000","Published","2004","Africa","Cameroon","Both sexes","490","490","","",""
"Age-standardized DALYs, diabetes mellitus, per 100,000","Published","2004","Africa","Cameroon","Male","406","406","","",""
"Age-standardized DALYs, diabetes mellitus, per 100,000","Published","2004","Africa","Cabo Verde","Female","635","635","","",""
"Age-standardized DALYs, diabetes mellitus, per 100,000","Published","2004","Africa","Cabo Verde","Both sexes","565","565","","",""
"Age-standardized DALYs, diabetes mellitus, per 100,000","Published","2004","Africa","Cabo Verde","Male","454","454","","",""
"Age-standardized DALYs, diabetes mellitus, per 100,000","Published","2004","Africa","Central African Republic","Both sexes","510","510","","",""
"Age-standardized DALYs, diabetes mellitus, per 100,000","Published","2004","Africa","Chad","Female","679","679","","",""
"Age-standardized DALYs, diabetes mellitus, per 100,000","Published","2004","Americas","Chile","Both sexes","397","397","","",""
"Age-standardized DALYs, diabetes mellitus, per 100,000","Published","2004","Americas","Chile","Male","343","343","","",""
"Age-standardized DALYs, diabetes mellitus, per 100,000","Published","2004","Americas","Chile","Female","446","446","","",""
"Age-standardized DALYs, diabetes mellitus, per 100,000","Published","2004","Americas","Colombia","Female","406","406","","",""
"Age-standardized DALYs, diabetes mellitus, per 100,000","Published","2004","Americas","Colombia","Male","367","367","","",""
"Age-standardized DALYs, diabetes mellitus, per 100,000","Published","2004","Africa","Comoros","Both sexes","580","580","","",""
"Age-standardized DALYs, diabetes mellitus, per 100,000","Published","2004","Africa","Comoros","Female","675","675","","",""
"Age-standardized DALYs, diabetes mellitus, per 100,000","Published","2004","Africa","Comoros","Male","472","472","","",""
"Age-standardized DALYs, diabetes mellitus, per 100,000","Published","2004","Western Pacific","Cook Islands","Male","578","578","","",""
"Age-standardized DALYs, diabetes mellitus, per 100,000","Published","2004","Western Pacific","Cook Islands","Female","554","554","","",""
"Age-standardized DALYs, diabetes mellitus, per 100,000","Published","2004","Americas","Costa Rica","Female","398","398","","",""
"Age-standardized DALYs, diabetes mellitus, per 100,000","Published","2004","Americas","Costa Rica","Male","332","332","","",""
"Age-standardized DALYs, diabetes mellitus, per 100,000","Published","2004","Americas","Cuba","Male","443","443","","",""
"Age-standardized DALYs, diabetes mellitus, per 100,000","Published","2004","Americas","Cuba","Both sexes","599","599","","",""
"Age-standardized DALYs, diabetes mellitus, per 100,000","Published","2004","Americas","Cuba","Female","748","748","","",""
"Age-standardized DALYs, diabetes mellitus, per 100,000","Published","2004","Europe","Cyprus","Male","322","322","","",""
"Age-standardized DALYs, diabetes mellitus, per 100,000","Published","2004","Europe","Czech Republic","Female","176","176","","",""
"Age-standardized DALYs, diabetes mellitus, per 100,000","Published","2004","South-East Asia","Democratic People's Republic of Korea","Female","416","416","","",""
"Age-standardized DALYs, diabetes mellitus, per 100,000","Published","2004","South-East Asia","Democratic People's Republic of Korea","Both sexes","394","394","","",""
"Age-standardized DALYs, diabetes mellitus, per 100,000","Published","2004","South-East Asia","Democratic People's Republic of Korea","Male","359","359","","",""
"Age-standardized DALYs, diabetes mellitus, per 100,000","Published","2004","Africa","Democratic Republic of the Congo","Both sexes","543","543","","",""
"Age-standardized DALYs, diabetes mellitus, per 100,000","Published","2004","Europe","Denmark","Male","238","238","","",""
"Age-standardized DALYs, diabetes mellitus, per 100,000","Published","2004","Eastern Mediterranean","Djibouti","Male","196","196","","",""
"Age-standardized DALYs, diabetes mellitus, per 100,000","Published","2004","Eastern Mediterranean","Djibouti","Female","283","283","","",""
"Age-standardized DALYs, diabetes mellitus, per 100,000","Published","2004","Eastern Mediterranean","Djibouti","Both sexes","242","242","","",""
"Age-standardized DALYs, diabetes mellitus, per 100,000","Published","2004","Americas","Dominican Republic","Male","650","650","","",""
"Age-standardized DALYs, diabetes mellitus, per 100,000","Published","2004","Americas","Dominican Republic","Both sexes","667","667","","",""
"Age-standardized DALYs, diabetes mellitus, per 100,000","Published","2004","Americas","Ecuador","Both sexes","580","580","","",""
"Age-standardized DALYs, diabetes mellitus, per 100,000","Published","2004","Americas","Ecuador","Female","631","631","","",""
"Age-standardized DALYs, diabetes mellitus, per 100,000","Published","2004","Americas","El Salvador","Female","440","440","","",""
"Age-standardized DALYs, diabetes mellitus, per 100,000","Published","2004","Americas","El Salvador","Both sexes","392","392","","",""
"Age-standardized DALYs, diabetes mellitus, per 100,000","Published","2004","Africa","Equatorial Guinea","Female","717","717","","",""
"Age-standardized DALYs, diabetes mellitus, per 100,000","Published","2004","Africa","Equatorial Guinea","Male","573","573","","",""
"Age-standardized DALYs, diabetes mellitus, per 100,000","Published","2004","Europe","Estonia","Male","313","313","","",""
"Age-standardized DALYs, diabetes mellitus, per 100,000","Published","2004","Europe","Estonia","Both sexes","280","280","","",""
"Age-standardized DALYs, diabetes mellitus, per 100,000","Published","2004","Europe","Estonia","Female","250","250","","",""
"Age-standardized DALYs, diabetes mellitus, per 100,000","Published","2004","Africa","Ethiopia","Male","402","402","","",""
"Age-standardized DALYs, diabetes mellitus, per 100,000","Published","2004","Western Pacific","Fiji","Both sexes","729","729","","",""
"Age-standardized DALYs, diabetes mellitus, per 100,000","Published","2004","Europe","Finland","Male","192","192","","",""
"Age-standardized DALYs, diabetes mellitus, per 100,000","Published","2004","Europe","Finland","Female","187","187","","",""
"Age-standardized DALYs, diabetes mellitus, per 100,000","Published","2004","Europe","Finland","Both sexes","190","190","","",""
"Age-standardized DALYs, diabetes mellitus, per 100,000","Published","2004","Africa","Gabon","Both sexes","414","414","","",""
"Age-standardized DALYs, diabetes mellitus, per 100,000","Published","2004","Africa","Gambia","Both sexes","537","537","","",""
"Age-standardized DALYs, diabetes mellitus, per 100,000","Published","2004","Africa","Gambia","Female","601","601","","",""
"Age-standardized DALYs, diabetes mellitus, per 100,000","Published","2004","Africa","Gambia","Male","467","467","","",""
"Age-standardized DALYs, diabetes mellitus, per 100,000","Published","2004","Europe","Germany","Male","213","213","","",""
"Age-standardized DALYs, diabetes mellitus, per 100,000","Published","2004","Europe","Germany","Both sexes","213","213","","",""
"Age-standardized DALYs, diabetes mellitus, per 100,000","Published","2004","Africa","Ghana","Female","343","343","","",""
"Age-standardized DALYs, diabetes mellitus, per 100,000","Published","2004","Africa","Ghana","Both sexes","311","311","","",""
"Age-standardized DALYs, diabetes mellitus, per 100,000","Published","2004","Americas","Grenada","Both sexes","784","784","","",""
"Age-standardized DALYs, diabetes mellitus, per 100,000","Published","2004","Americas","Grenada","Female","897","897","","",""
"Age-standardized DALYs, diabetes mellitus, per 100,000","Published","2004","Americas","Grenada","Male","633","633","","",""
"Age-standardized DALYs, diabetes mellitus, per 100,000","Published","2004","Americas","Guatemala","Female","560","560","","",""
"Age-standardized DALYs, diabetes mellitus, per 100,000","Published","2004","Americas","Guatemala","Male","499","499","","",""
"Age-standardized DALYs, diabetes mellitus, per 100,000","Published","2004","Africa","Guinea-Bissau","Both sexes","606","606","","",""
"Age-standardized DALYs, diabetes mellitus, per 100,000","Published","2004","Africa","Guinea-Bissau","Female","684","684","","",""
"Age-standardized DALYs, diabetes mellitus, per 100,000","Published","2004","Africa","Guinea-Bissau","Male","515","515","","",""
"Age-standardized DALYs, diabetes mellitus, per 100,000","Published","2004","Americas","Guyana","Both sexes","1062","1062","","",""
"Age-standardized DALYs, diabetes mellitus, per 100,000","Published","2004","Americas","Haiti","Male","545","545","","",""
"Age-standardized DALYs, diabetes mellitus, per 100,000","Published","2004","Americas","Honduras","Both sexes","635","635","","",""
"Age-standardized DALYs, diabetes mellitus, per 100,000","Published","2004","Americas","Honduras","Male","574","574","","",""
"Age-standardized DALYs, diabetes mellitus, per 100,000","Published","2004","Americas","Honduras","Female","689","689","","",""
"Age-standardized DALYs, diabetes mellitus, per 100,000","Published","2004","Europe","Iceland","Female","95","95","","",""
"Age-standardized DALYs, diabetes mellitus, per 100,000","Published","2004","Europe","Iceland","Male","97","97","","",""
"Age-standardized DALYs, diabetes mellitus, per 100,000","Published","2004","South-East Asia","India","Both sexes","305","305","","",""
"Age-standardized DALYs, diabetes mellitus, per 100,000","Published","2004","South-East Asia","India","Male","319","319","","",""
"Age-standardized DALYs, diabetes mellitus, per 100,000","Published","2004","South-East Asia","India","Female","291","291","","",""
"Age-standardized DALYs, diabetes mellitus, per 100,000","Published","2004","Eastern Mediterranean","Iran (Islamic Republic of)","Both sexes","372","372","","",""
"Age-standardized DALYs, diabetes mellitus, per 100,000","Published","2004","Eastern Mediterranean","Iran (Islamic Republic of)","Male","264","264","","",""
"Age-standardized DALYs, diabetes mellitus, per 100,000","Published","2004","Eastern Mediterranean","Iraq","Female","398","398","","",""
"Age-standardized DALYs, diabetes mellitus, per 100,000","Published","2004","Eastern Mediterranean","Iraq","Male","368","368","","",""
"Age-standardized DALYs, diabetes mellitus, per 100,000","Published","2004","Europe","Israel","Female","325","325","","",""
"Age-standardized DALYs, diabetes mellitus, per 100,000","Published","2004","Europe","Israel","Male","382","382","","",""
"Age-standardized DALYs, diabetes mellitus, per 100,000","Published","2004","Europe","Israel","Both sexes","353","353","","",""
"Age-standardized DALYs, diabetes mellitus, per 100,000","Published","2004","Europe","Italy","Male","297","297","","",""
"Age-standardized DALYs, diabetes mellitus, per 100,000","Published","2004","Americas","Jamaica","Both sexes","444","444","","",""
"Age-standardized DALYs, diabetes mellitus, per 100,000","Published","2004","Western Pacific","Japan","Female","145","145","","",""
"Age-standardized DALYs, diabetes mellitus, per 100,000","Published","2004","Western Pacific","Japan","Male","198","198","","",""
"Age-standardized DALYs, diabetes mellitus, per 100,000","Published","2004","Western Pacific","Japan","Both sexes","172","172","","",""
"Age-standardized DALYs, diabetes mellitus, per 100,000","Published","2004","Eastern Mediterranean","Jordan","Both sexes","454","454","","",""
"Age-standardized DALYs, diabetes mellitus, per 100,000","Published","2004","Europe","Kazakhstan","Both sexes","200","200","","",""
"Age-standardized DALYs, diabetes mellitus, per 100,000","Published","2004","Africa","Kenya","Both sexes","399","399","","",""
"Age-standardized DALYs, diabetes mellitus, per 100,000","Published","2004","Africa","Kenya","Female","467","467","","",""
"Age-standardized DALYs, diabetes mellitus, per 100,000","Published","2004","Africa","Kenya","Male","323","323","","",""
"Age-standardized DALYs, diabetes mellitus, per 100,000","Published","2004","Eastern Mediterranean","Kuwait","Male","591","591","","",""
"Age-standardized DALYs, diabetes mellitus, per 100,000","Published","2004","Eastern Mediterranean","Kuwait","Female","711","711","","",""
"Age-standardized DALYs, diabetes mellitus, per 100,000","Published","2004","Europe","Kyrgyzstan","Both sexes","261","261","","",""
"Age-standardized DALYs, diabetes mellitus, per 100,000","Published","2004","Europe","Kyrgyzstan","Female","266","266","","",""
"Age-standardized DALYs, diabetes mellitus, per 100,000","Published","2004","Europe","Latvia","Male","227","227","","",""
"Age-standardized DALYs, diabetes mellitus, per 100,000","Published","2004","Europe","Latvia","Both sexes","239","239","","",""
"Age-standardized DALYs, diabetes mellitus, per 100,000","Published","2004","Eastern Mediterranean","Lebanon","Male","334","334","","",""
"Age-standardized DALYs, diabetes mellitus, per 100,000","Published","2004","Eastern Mediterranean","Lebanon","Both sexes","436","436","","",""
"Age-standardized DALYs, diabetes mellitus, per 100,000","Published","2004","Africa","Liberia","Male","514","514","","",""
"Age-standardized DALYs, diabetes mellitus, per 100,000","Published","2004","Africa","Liberia","Female","669","669","","",""
"Age-standardized DALYs, diabetes mellitus, per 100,000","Published","2004","Africa","Liberia","Both sexes","599","599","","",""
"Age-standardized DALYs, diabetes mellitus, per 100,000","Published","2004","Eastern Mediterranean","Libya","Male","215","215","","",""
"Age-standardized DALYs, diabetes mellitus, per 100,000","Published","2004","Europe","Lithuania","Female","207","207","","",""
"Age-standardized DALYs, diabetes mellitus, per 100,000","Published","2004","Europe","Luxembourg","Female","169","169","","",""
"Age-standardized DALYs, diabetes mellitus, per 100,000","Published","2004","Europe","Luxembourg","Both sexes","162","162","","",""
"Age-standardized DALYs, diabetes mellitus, per 100,000","Published","2004","Europe","Luxembourg","Male","154","154","","",""
"Age-standardized DALYs, diabetes mellitus, per 100,000","Published","2004","Africa","Malawi","Female","508","508","","",""
"Age-standardized DALYs, diabetes mellitus, per 100,000","Published","2004","Western Pacific","Malaysia","Male","547","547","","",""
"Age-standardized DALYs, diabetes mellitus, per 100,000","Published","2004","Western Pacific","Malaysia","Female","669","669","","",""
"Age-standardized DALYs, diabetes mellitus, per 100,000","Published","2004","Western Pacific","Malaysia","Both sexes","610","610","","",""
"Age-standardized DALYs, diabetes mellitus, per 100,000","Published","2004","Africa","Mali","Female","706","706","","",""
"Age-standardized DALYs, diabetes mellitus, per 100,000","Published","2004","Africa","Mali","Male","505","505","","",""
"Age-standardized DALYs, diabetes mellitus, per 100,000","Published","2004","Europe","Malta","Both sexes","368","368","","",""
"Age-standardized DALYs, diabetes mellitus, per 100,000","Published","2004","Europe","Malta","Male","354","354","","",""
"Age-standardized DALYs, diabetes mellitus, per 100,000","Published","2004","Africa","Mauritania","Both sexes","503","503","","",""
"Age-standardized DALYs, diabetes mellitus, per 100,000","Published","2004","Africa","Mauritania","Male","437","437","","",""
"Age-standardized DALYs, diabetes mellitus, per 100,000","Published","2004","Africa","Mauritania","Female","556","556","","",""
"Age-standardized DALYs, diabetes mellitus, per 100,000","Published","2004","Africa","Mauritius","Female","1125","1125","","",""
"Age-standardized DALYs, diabetes mellitus, per 100,000","Published","2004","Western Pacific","Micronesia (Federated States of)","Female","686","686","","",""
"Age-standardized DALYs, diabetes mellitus, per 100,000","Published","2004","Western Pacific","Micronesia (Federated States of)","Male","764","764","","",""
"Age-standardized DALYs, diabetes mellitus, per 100,000","Published","2004","Western Pacific","Micronesia (Federated States of)","Both sexes","721","721","","",""
"Age-standardized DALYs, diabetes mellitus, per 100,000","Published","2004","Europe","Monaco","Male","240","240","","",""
"Age-standardized DALYs, diabetes mellitus, per 100,000","Published","2004","Western Pacific","Mongolia","Male","95","95","","",""
"Age-standardized DALYs, diabetes mellitus, per 100,000","Published","2004","WHO Non Members","Serbia and Montenegro, Former","Female","280","280","","",""
"Age-standardized DALYs, diabetes mellitus, per 100,000","Published","2004","WHO Non Members","Serbia and Montenegro, Former","Male","291","291","","",""
"Age-standardized DALYs, diabetes mellitus, per 100,000","Published","2004","WHO Non Members","Serbia and Montenegro, Former","Both sexes","287","287","","",""
"Age-standardized DALYs, diabetes mellitus, per 100,000","Published","2004","Africa","Mozambique","Male","372","372","","",""
"Age-standardized DALYs, diabetes mellitus, per 100,000","Published","2004","Africa","Mozambique","Female","528","528","","",""
"Age-standardized DALYs, diabetes mellitus, per 100,000","Published","2004","South-East Asia","Myanmar","Female","336","336","","",""
"Age-standardized DALYs, diabetes mellitus, per 100,000","Published","2004","South-East Asia","Myanmar","Both sexes","341","341","","",""
"Age-standardized DALYs, diabetes mellitus, per 100,000","Published","2004","South-East Asia","Myanmar","Male","346","346","","",""
"Age-standardized DALYs, diabetes mellitus, per 100,000","Published","2004","Western Pacific","Nauru","Female","1957","1957","","",""
"Age-standardized DALYs, diabetes mellitus, per 100,000","Published","2004","Western Pacific","Nauru","Both sexes","1838","1838","","",""
"Age-standardized DALYs, diabetes mellitus, per 100,000","Published","2004","South-East Asia","Nepal","Female","377","377","","",""
"Age-standardized DALYs, diabetes mellitus, per 100,000","Published","2004","South-East Asia","Nepal","Both sexes","364","364","","",""
"Age-standardized DALYs, diabetes mellitus, per 100,000","Published","2004","Western Pacific","New Zealand","Male","208","208","","",""
"Age-standardized DALYs, diabetes mellitus, per 100,000","Published","2004","Western Pacific","New Zealand","Female","211","211","","",""
"Age-standardized DALYs, diabetes mellitus, per 100,000","Published","2004","Western Pacific","New Zealand","Both sexes","209","209","","",""
"Age-standardized DALYs, diabetes mellitus, per 100,000","Published","2004","Americas","Nicaragua","Both sexes","719","719","","",""
"Age-standardized DALYs, diabetes mellitus, per 100,000","Published","2004","Africa","Niger","Both sexes","614","614","","",""
"Age-standardized DALYs, diabetes mellitus, per 100,000","Published","2004","Africa","Nigeria","Both sexes","609","609","","",""
"Age-standardized DALYs, diabetes mellitus, per 100,000","Published","2004","Africa","Nigeria","Male","515","515","","",""
"Age-standardized DALYs, diabetes mellitus, per 100,000","Published","2004","Africa","Nigeria","Female","692","692","","",""
"Age-standardized DALYs, diabetes mellitus, per 100,000","Published","2004","Western Pacific","Niue","Female","570","570","","",""
"Age-standardized DALYs, diabetes mellitus, per 100,000","Published","2004","Europe","Norway","Female","173","173","","",""
"Age-standardized DALYs, diabetes mellitus, per 100,000","Published","2004","Eastern Mediterranean","Oman","Both sexes","695","695","","",""
"Age-standardized DALYs, diabetes mellitus, per 100,000","Published","2004","Eastern Mediterranean","Oman","Female","746","746","","",""
"Age-standardized DALYs, diabetes mellitus, per 100,000","Published","2004","Eastern Mediterranean","Oman","Male","673","673","","",""
"Age-standardized DALYs, diabetes mellitus, per 100,000","Published","2004","Western Pacific","Palau","Female","783","783","","",""
"Age-standardized DALYs, diabetes mellitus, per 100,000","Published","2004","Western Pacific","Palau","Male","861","861","","",""
"Age-standardized DALYs, diabetes mellitus, per 100,000","Published","2004","Americas","Panama","Female","463","463","","",""
"Age-standardized DALYs, diabetes mellitus, per 100,000","Published","2004","Americas","Panama","Male","365","365","","",""
"Age-standardized DALYs, diabetes mellitus, per 100,000","Published","2004","Americas","Paraguay","Both sexes","642","642","","",""
"Age-standardized DALYs, diabetes mellitus, per 100,000","Published","2004","Americas","Paraguay","Female","738","738","","",""
"Age-standardized DALYs, diabetes mellitus, per 100,000","Published","2004","Americas","Peru","Both sexes","384","384","","",""
"Age-standardized DALYs, diabetes mellitus, per 100,000","Published","2004","Americas","Peru","Male","372","372","","",""
"Age-standardized DALYs, diabetes mellitus, per 100,000","Published","2004","Europe","Poland","Female","238","238","","",""
"Age-standardized DALYs, diabetes mellitus, per 100,000","Published","2004","Europe","Poland","Both sexes","251","251","","",""
"Age-standardized DALYs, diabetes mellitus, per 100,000","Published","2004","Europe","Poland","Male","262","262","","",""
"Age-standardized DALYs, diabetes mellitus, per 100,000","Published","2004","Europe","Portugal","Female","309","309","","",""
"Age-standardized DALYs, diabetes mellitus, per 100,000","Published","2004","Eastern Mediterranean","Qatar","Female","803","803","","",""
"Age-standardized DALYs, diabetes mellitus, per 100,000","Published","2004","Western Pacific","Republic of Korea","Both sexes","465","465","","",""
"Age-standardized DALYs, diabetes mellitus, per 100,000","Published","2004","Western Pacific","Republic of Korea","Female","397","397","","",""
"Age-standardized DALYs, diabetes mellitus, per 100,000","Published","2004","Western Pacific","Republic of Korea","Male","533","533","","",""
"Age-standardized DALYs, diabetes mellitus, per 100,000","Published","2004","Europe","Romania","Female","252","252","","",""
"Age-standardized DALYs, diabetes mellitus, per 100,000","Published","2004","Europe","Russian Federation","Both sexes","204","204","","",""
"Age-standardized DALYs, diabetes mellitus, per 100,000","Published","2004","Europe","Russian Federation","Female","230","230","","",""
"Age-standardized DALYs, diabetes mellitus, per 100,000","Published","2004","Europe","Russian Federation","Male","166","166","","",""
"Age-standardized DALYs, diabetes mellitus, per 100,000","Published","2004","Americas","Saint Kitts and Nevis","Both sexes","506","506","","",""
"Age-standardized DALYs, diabetes mellitus, per 100,000","Published","2004","Americas","Saint Kitts and Nevis","Female","487","487","","",""
"Age-standardized DALYs, diabetes mellitus, per 100,000","Published","2004","Americas","Saint Lucia","Male","801","801","","",""
"Age-standardized DALYs, diabetes mellitus, per 100,000","Published","2004","Americas","Saint Lucia","Female","1023","1023","","",""
"Age-standardized DALYs, diabetes mellitus, per 100,000","Published","2004","Western Pacific","Samoa","Female","665","665","","",""
"Age-standardized DALYs, diabetes mellitus, per 100,000","Published","2004","Western Pacific","Samoa","Male","640","640","","",""
"Age-standardized DALYs, diabetes mellitus, per 100,000","Published","2004","Western Pacific","Samoa","Both sexes","649","649","","",""
"Age-standardized DALYs, diabetes mellitus, per 100,000","Published","2004","Europe","San Marino","Both sexes","208","208","","",""
"Age-standardized DALYs, diabetes mellitus, per 100,000","Published","2004","Eastern Mediterranean","Saudi Arabia","Male","700","700","","",""
"Age-standardized DALYs, diabetes mellitus, per 100,000","Published","2004","Eastern Mediterranean","Saudi Arabia","Female","748","748","","",""
"Age-standardized DALYs, diabetes mellitus, per 100,000","Published","2004","Eastern Mediterranean","Saudi Arabia","Both sexes","717","717","","",""
"Age-standardized DALYs, diabetes mellitus, per 100,000","Published","2004","Africa","Senegal","Female","607","607","","",""
"Age-standardized DALYs, diabetes mellitus, per 100,000","Published","2004","Africa","Seychelles","Both sexes","767","767","","",""
"Age-standardized DALYs, diabetes mellitus, per 100,000","Published","2004","Africa","Sierra Leone","Both sexes","720","720","","",""
"Age-standardized DALYs, diabetes mellitus, per 100,000","Published","2004","Africa","Sierra Leone","Male","641","641","","",""
"Age-standardized DALYs, diabetes mellitus, per 100,000","Published","2004","Africa","Sierra Leone","Female","784","784","","",""
"Age-standardized DALYs, diabetes mellitus, per 100,000","Published","2004","Europe","Slovakia","Female","237","237","","",""
"Age-standardized DALYs, diabetes mellitus, per 100,000","Published","2004","Europe","Slovakia","Male","261","261","","",""
"Age-standardized DALYs, diabetes mellitus, per 100,000","Published","2004","Europe","Slovenia","Both sexes","234","234","","",""
"Age-standardized DALYs, diabetes mellitus, per 100,000","Published","2004","Europe","Slovenia","Male","272","272","","",""
"Age-standardized DALYs, diabetes mellitus, per 100,000","Published","2004","Europe","Slovenia","Female","199","199","","",""
"Age-standardized DALYs, diabetes mellitus, per 100,000","Published","2004","Eastern Mediterranean","Somalia","Male","517","517","","",""
"Age-standardized DALYs, diabetes mellitus, per 100,000","Published","2004","Eastern Mediterranean","Somalia","Both sexes","575","575","","",""
"Age-standardized DALYs, diabetes mellitus, per 100,000","Published","2004","Africa","South Africa","Female","928","928","","",""
"Age-standardized DALYs, diabetes mellitus, per 100,000","Published","2004","Africa","South Africa","Both sexes","839","839","","",""
"Age-standardized DALYs, diabetes mellitus, per 100,000","Published","2004","South-East Asia","Sri Lanka","Female","468","468","","",""
"Age-standardized DALYs, diabetes mellitus, per 100,000","Published","2004","South-East Asia","Sri Lanka","Both sexes","473","473","","",""
"Age-standardized DALYs, diabetes mellitus, per 100,000","Published","2004","South-East Asia","Sri Lanka","Male","478","478","","",""
"Age-standardized DALYs, diabetes mellitus, per 100,000","Published","2004","Eastern Mediterranean","Sudan","Female","496","496","","",""
"Age-standardized DALYs, diabetes mellitus, per 100,000","Published","2004","Americas","Suriname","Male","650","650","","",""
"Age-standardized DALYs, diabetes mellitus, per 100,000","Published","2004","Africa","Swaziland","Male","345","345","","",""
"Age-standardized DALYs, diabetes mellitus, per 100,000","Published","2004","Africa","Swaziland","Both sexes","447","447","","",""
"Age-standardized DALYs, diabetes mellitus, per 100,000","Published","2004","Africa","Swaziland","Female","528","528","","",""
"Age-standardized DALYs, diabetes mellitus, per 100,000","Published","2004","Europe","Sweden","Male","204","204","","",""
"Age-standardized DALYs, diabetes mellitus, per 100,000","Published","2004","Europe","Switzerland","Male","182","182","","",""
"Age-standardized DALYs, diabetes mellitus, per 100,000","Published","2004","Eastern Mediterranean","Syrian Arab Republic","Both sexes","470","470","","",""
"Age-standardized DALYs, diabetes mellitus, per 100,000","Published","2004","Eastern Mediterranean","Syrian Arab Republic","Female","536","536","","",""
"Age-standardized DALYs, diabetes mellitus, per 100,000","Published","2004","Eastern Mediterranean","Syrian Arab Republic","Male","401","401","","",""
"Age-standardized DALYs, diabetes mellitus, per 100,000","Published","2004","South-East Asia","Thailand","Male","431","431","","",""
"Age-standardized DALYs, diabetes mellitus, per 100,000","Published","2004","South-East Asia","Thailand","Female","624","624","","",""
"Age-standardized DALYs, diabetes mellitus, per 100,000","Published","2004","Europe","The former Yugoslav Republic of Macedonia","Both sexes","289","289","","",""
"Age-standardized DALYs, diabetes mellitus, per 100,000","Published","2004","Europe","The former Yugoslav Republic of Macedonia","Female","290","290","","",""
"Age-standardized DALYs, diabetes mellitus, per 100,000","Published","2004","Africa","Togo","Female","601","601","","",""
"Age-standardized DALYs, diabetes mellitus, per 100,000","Published","2004","Africa","Togo","Both sexes","536","536","","",""
"Age-standardized DALYs, diabetes mellitus, per 100,000","Published","2004","Western Pacific","Tonga","Male","562","562","","",""
"Age-standardized DALYs, diabetes mellitus, per 100,000","Published","2004","Western Pacific","Tonga","Female","691","691","","",""
"Age-standardized DALYs, diabetes mellitus, per 100,000","Published","2004","Eastern Mediterranean","Tunisia","Male","179","179","","",""
"Age-standardized DALYs, diabetes mellitus, per 100,000","Published","2004","Eastern Mediterranean","Tunisia","Female","237","237","","",""
"Age-standardized DALYs, diabetes mellitus, per 100,000","Published","2004","Eastern Mediterranean","Tunisia","Both sexes","209","209","","",""
"Age-standardized DALYs, diabetes mellitus, per 100,000","Published","2004","Europe","Turkey","Male","308","308","","",""
"Age-standardized DALYs, diabetes mellitus, per 100,000","Published","2004","Europe","Turkmenistan","Female","290","290","","",""
"Age-standardized DALYs, diabetes mellitus, per 100,000","Published","2004","Western Pacific","Tuvalu","Male","857","857","","",""
"Age-standardized DALYs, diabetes mellitus, per 100,000","Published","2004","Western Pacific","Tuvalu","Female","805","805","","",""
"Age-standardized DALYs, diabetes mellitus, per 100,000","Published","2004","Western Pacific","Tuvalu","Both sexes","835","835","","",""
"Age-standardized DALYs, diabetes mellitus, per 100,000","Published","2004","Europe","Ukraine","Male","187","187","","",""
"Age-standardized DALYs, diabetes mellitus, per 100,000","Published","2004","Eastern Mediterranean","United Arab Emirates","Female","1054","1054","","",""
"Age-standardized DALYs, diabetes mellitus, per 100,000","Published","2004","Eastern Mediterranean","United Arab Emirates","Male","1023","1023","","",""
"Age-standardized DALYs, diabetes mellitus, per 100,000","Published","2004","Eastern Mediterranean","United Arab Emirates","Both sexes","1024","1024","","",""
"Age-standardized DALYs, diabetes mellitus, per 100,000","Published","2004","Africa","United Republic of Tanzania","Both sexes","505","505","","",""
"Age-standardized DALYs, diabetes mellitus, per 100,000","Published","2004","Africa","United Republic of Tanzania","Male","410","410","","",""
"Age-standardized DALYs, diabetes mellitus, per 100,000","Published","2004","Americas","United States of America","Male","374","374","","",""
"Age-standardized DALYs, diabetes mellitus, per 100,000","Published","2004","Americas","United States of America","Both sexes","374","374","","",""
"Age-standardized DALYs, diabetes mellitus, per 100,000","Published","2004","Europe","Uzbekistan","Both sexes","369","369","","",""
"Age-standardized DALYs, diabetes mellitus, per 100,000","Published","2004","Europe","Uzbekistan","Female","386","386","","",""
"Age-standardized DALYs, diabetes mellitus, per 100,000","Published","2004","Europe","Uzbekistan","Male","350","350","","",""
"Age-standardized DALYs, diabetes mellitus, per 100,000","Published","2004","Western Pacific","Vanuatu","Both sexes","643","643","","",""
"Age-standardized DALYs, diabetes mellitus, per 100,000","Published","2004","Western Pacific","Viet Nam","Male","237","237","","",""
"Age-standardized DALYs, diabetes mellitus, per 100,000","Published","2004","Western Pacific","Viet Nam","Both sexes","257","257","","",""
"Age-standardized DALYs, diabetes mellitus, per 100,000","Published","2004","Western Pacific","Viet Nam","Female","275","275","","",""
"Age-standardized DALYs, diabetes mellitus, per 100,000","Published","2004","Eastern Mediterranean","Yemen","Male","242","242","","",""
"Age-standardized DALYs, diabetes mellitus, per 100,000","Published","2004","Africa","Zambia","Male","409","409","","",""
"Age-standardized DALYs, diabetes mellitus, per 100,000","Published","2004","Africa","Zimbabwe","Male","428","428","","",""
"Age-standardized DALYs, diabetes mellitus, per 100,000","Published","2004","Africa","Zimbabwe","Female","569","569","","",""
"Age-standardized DALYs, diabetes mellitus, per 100,000","Published","2004","Africa","Zimbabwe","Both sexes","506","506","","",""

