"Indicator","PUBLISH STATES","Year","WHO region","Country","Display Value","Numeric","Low","High","Comments"
"Malaria - number of reported confirmed cases","Published","2006","Eastern Mediterranean","Afghanistan","86129","","","",""
"Malaria - number of reported confirmed cases","Published","2007","Eastern Mediterranean","Afghanistan","92202","","","",""
"Malaria - number of reported confirmed cases","Published","2006","Africa","Algeria","1","","","",""
"Malaria - number of reported confirmed cases","Published","2007","Africa","Algeria","27","","","",""
"Malaria - number of reported confirmed cases","Published","2008","Africa","Algeria","4","","","",""
"Malaria - number of reported confirmed cases","Published","2009","Africa","Algeria","0","","","",""
"Malaria - number of reported confirmed cases","Published","2008","Africa","Angola","1377992","","","",""
"Malaria - number of reported confirmed cases","Published","2009","Africa","Angola","1573422","","","",""
"Malaria - number of reported confirmed cases","Published","2010","Africa","Angola","1682870","","","",""
"Malaria - number of reported confirmed cases","Published","2011","Africa","Angola","1632282","","","",""
"Malaria - number of reported confirmed cases","Published","2011","Americas","Argentina","36","","","",""
"Malaria - number of reported confirmed cases","Published","2006","Europe","Armenia","0","","","",""
"Malaria - number of reported confirmed cases","Published","2007","Europe","Armenia","0","","","",""
"Malaria - number of reported confirmed cases","Published","2008","Europe","Armenia","0","","","",""
"Malaria - number of reported confirmed cases","Published","2008","Europe","Azerbaijan","72","","","",""
"Malaria - number of reported confirmed cases","Published","2009","Europe","Azerbaijan","78","","","",""
"Malaria - number of reported confirmed cases","Published","2010","Europe","Azerbaijan","50","","","",""
"Malaria - number of reported confirmed cases","Published","2011","Europe","Azerbaijan","4","","","",""
"Malaria - number of reported confirmed cases","Published","2006","South-East Asia","Bangladesh","32857","","","",""
"Malaria - number of reported confirmed cases","Published","2007","South-East Asia","Bangladesh","59866","","","",""
"Malaria - number of reported confirmed cases","Published","2008","South-East Asia","Bangladesh","84690","","","",""
"Malaria - number of reported confirmed cases","Published","2009","South-East Asia","Bangladesh","63873","","","",""
"Malaria - number of reported confirmed cases","Published","2010","South-East Asia","Bangladesh","55873","","","",""
"Malaria - number of reported confirmed cases","Published","2009","Americas","Belize","256","","","",""
"Malaria - number of reported confirmed cases","Published","2010","Americas","Belize","150","","","",""
"Malaria - number of reported confirmed cases","Published","2011","Americas","Belize","79","","","",""
"Malaria - number of reported confirmed cases","Published","2007","Africa","Benin","0","","","",""
"Malaria - number of reported confirmed cases","Published","2007","South-East Asia","Bhutan","793","","","",""
"Malaria - number of reported confirmed cases","Published","2008","South-East Asia","Bhutan","329","","","",""
"Malaria - number of reported confirmed cases","Published","2009","South-East Asia","Bhutan","972","","","",""
"Malaria - number of reported confirmed cases","Published","2010","South-East Asia","Bhutan","436","","","",""
"Malaria - number of reported confirmed cases","Published","2009","Americas","Bolivia (Plurinational State of)","9743","","","",""
"Malaria - number of reported confirmed cases","Published","2010","Americas","Bolivia (Plurinational State of)","13769","","","",""
"Malaria - number of reported confirmed cases","Published","2011","Americas","Bolivia (Plurinational State of)","7143","","","",""
"Malaria - number of reported confirmed cases","Published","2006","Africa","Botswana","2548","","","",""
"Malaria - number of reported confirmed cases","Published","2007","Africa","Botswana","390","","","",""
"Malaria - number of reported confirmed cases","Published","2006","Americas","Brazil","549469","","","",""
"Malaria - number of reported confirmed cases","Published","2007","Americas","Brazil","458652","","","",""
"Malaria - number of reported confirmed cases","Published","2008","Americas","Brazil","315746","","","",""
"Malaria - number of reported confirmed cases","Published","2009","Americas","Brazil","309316","","","",""
"Malaria - number of reported confirmed cases","Published","2008","Africa","Burkina Faso","36514","","","",""
"Malaria - number of reported confirmed cases","Published","2009","Africa","Burkina Faso","182527","","","",""
"Malaria - number of reported confirmed cases","Published","2010","Africa","Burkina Faso","804539","","","",""
"Malaria - number of reported confirmed cases","Published","2011","Africa","Burkina Faso","428113","","","",""
"Malaria - number of reported confirmed cases","Published","2010","Africa","Burundi","1763447","","","",""
"Malaria - number of reported confirmed cases","Published","2011","Africa","Burundi","1571874","","","",""
"Malaria - number of reported confirmed cases","Published","2006","Western Pacific","Cambodia","78696","","","",""
"Malaria - number of reported confirmed cases","Published","2007","Western Pacific","Cambodia","42518","","","",""
"Malaria - number of reported confirmed cases","Published","2008","Western Pacific","Cambodia","42124","","","",""
"Malaria - number of reported confirmed cases","Published","2009","Africa","Cameroon","0","","","",""
"Malaria - number of reported confirmed cases","Published","2006","Africa","Cabo Verde","63","","","",""
"Malaria - number of reported confirmed cases","Published","2007","Africa","Cabo Verde","2","","","",""
"Malaria - number of reported confirmed cases","Published","2008","Africa","Cabo Verde","16","","","",""
"Malaria - number of reported confirmed cases","Published","2007","Africa","Chad","48288","","","",""
"Malaria - number of reported confirmed cases","Published","2008","Africa","Chad","47757","","","",""
"Malaria - number of reported confirmed cases","Published","2010","Africa","Chad","200448","","","",""
"Malaria - number of reported confirmed cases","Published","2011","Africa","Chad","181126","","","",""
"Malaria - number of reported confirmed cases","Published","2011","Western Pacific","China","3367","","","",""
"Malaria - number of reported confirmed cases","Published","2006","Americas","Colombia","120096","","","",""
"Malaria - number of reported confirmed cases","Published","2007","Americas","Colombia","128462","","","",""
"Malaria - number of reported confirmed cases","Published","2008","Americas","Colombia","80501","","","",""
"Malaria - number of reported confirmed cases","Published","2009","Africa","Comoros","5982","","","",""
"Malaria - number of reported confirmed cases","Published","2010","Africa","Comoros","36538","","","",""
"Malaria - number of reported confirmed cases","Published","2011","Africa","Comoros","24856","","","",""
"Malaria - number of reported confirmed cases","Published","2007","Africa","Congo","103213","","","",""
"Malaria - number of reported confirmed cases","Published","2007","Americas","Costa Rica","1223","","","",""
"Malaria - number of reported confirmed cases","Published","2008","Americas","Costa Rica","966","","","",""
"Malaria - number of reported confirmed cases","Published","2009","Americas","Costa Rica","262","","","",""
"Malaria - number of reported confirmed cases","Published","2010","Americas","Costa Rica","114","","","",""
"Malaria - number of reported confirmed cases","Published","2006","South-East Asia","Democratic People's Republic of Korea","12983","","","",""
"Malaria - number of reported confirmed cases","Published","2007","South-East Asia","Democratic People's Republic of Korea","4345","","","",""
"Malaria - number of reported confirmed cases","Published","2008","South-East Asia","Democratic People's Republic of Korea","16611","","","",""
"Malaria - number of reported confirmed cases","Published","2009","South-East Asia","Democratic People's Republic of Korea","14632","","","",""
"Malaria - number of reported confirmed cases","Published","2008","Africa","Democratic Republic of the Congo","1618218","","","",""
"Malaria - number of reported confirmed cases","Published","2009","Africa","Democratic Republic of the Congo","1878705","","","",""
"Malaria - number of reported confirmed cases","Published","2010","Africa","Democratic Republic of the Congo","2417780","","","",""
"Malaria - number of reported confirmed cases","Published","2011","Africa","Democratic Republic of the Congo","4561981","","","",""
"Malaria - number of reported confirmed cases","Published","2010","Eastern Mediterranean","Djibouti","1019","","","",""
"Malaria - number of reported confirmed cases","Published","2006","Americas","Dominican Republic","2494","","","",""
"Malaria - number of reported confirmed cases","Published","2007","Americas","Dominican Republic","2193","","","",""
"Malaria - number of reported confirmed cases","Published","2008","Americas","Dominican Republic","1668","","","",""
"Malaria - number of reported confirmed cases","Published","2009","Americas","Dominican Republic","1643","","","",""
"Malaria - number of reported confirmed cases","Published","2008","Americas","Ecuador","4891","","","",""
"Malaria - number of reported confirmed cases","Published","2009","Americas","Ecuador","4120","","","",""
"Malaria - number of reported confirmed cases","Published","2010","Americas","Ecuador","1888","","","",""
"Malaria - number of reported confirmed cases","Published","2011","Americas","Ecuador","1233","","","",""
"Malaria - number of reported confirmed cases","Published","2010","Eastern Mediterranean","Egypt","0","","","",""
"Malaria - number of reported confirmed cases","Published","2011","Eastern Mediterranean","Egypt","0","","","",""
"Malaria - number of reported confirmed cases","Published","2006","Americas","El Salvador","49","","","",""
"Malaria - number of reported confirmed cases","Published","2007","Americas","El Salvador","40","","","",""
"Malaria - number of reported confirmed cases","Published","2007","Africa","Equatorial Guinea","6287","","","",""
"Malaria - number of reported confirmed cases","Published","2008","Africa","Equatorial Guinea","9503","","","",""
"Malaria - number of reported confirmed cases","Published","2009","Africa","Equatorial Guinea","14184","","","",""
"Malaria - number of reported confirmed cases","Published","2010","Africa","Equatorial Guinea","53813","","","",""
"Malaria - number of reported confirmed cases","Published","2011","Africa","Equatorial Guinea","22466","","","",""
"Malaria - number of reported confirmed cases","Published","2010","Africa","Eritrea","35982","","","",""
"Malaria - number of reported confirmed cases","Published","2011","Africa","Eritrea","34848","","","",""
"Malaria - number of reported confirmed cases","Published","2006","Africa","Ethiopia","447780","","","",""
"Malaria - number of reported confirmed cases","Published","2007","Africa","Ethiopia","451816","","","",""
"Malaria - number of reported confirmed cases","Published","2006","Africa","Gabon","33458","","","",""
"Malaria - number of reported confirmed cases","Published","2007","Africa","Gabon","45186","","","",""
"Malaria - number of reported confirmed cases","Published","2008","Africa","Gabon","40701","","","",""
"Malaria - number of reported confirmed cases","Published","2009","Africa","Gabon","660","","","",""
"Malaria - number of reported confirmed cases","Published","2011","Africa","Gambia","261967","","","",""
"Malaria - number of reported confirmed cases","Published","2006","Europe","Georgia","58","","","",""
"Malaria - number of reported confirmed cases","Published","2007","Europe","Georgia","24","","","",""
"Malaria - number of reported confirmed cases","Published","2008","Europe","Georgia","6","","","",""
"Malaria - number of reported confirmed cases","Published","2009","Europe","Georgia","1","","","",""
"Malaria - number of reported confirmed cases","Published","2008","Africa","Ghana","1094483","","","",""
"Malaria - number of reported confirmed cases","Published","2009","Africa","Ghana","1104370","","","",""
"Malaria - number of reported confirmed cases","Published","2010","Africa","Ghana","1071637","","","",""
"Malaria - number of reported confirmed cases","Published","2011","Africa","Ghana","1041260","","","",""
"Malaria - number of reported confirmed cases","Published","2010","Americas","Guatemala","7384","","","",""
"Malaria - number of reported confirmed cases","Published","2011","Americas","Guatemala","6822","","","",""
"Malaria - number of reported confirmed cases","Published","2006","Africa","Guinea","54227","","","",""
"Malaria - number of reported confirmed cases","Published","2007","Africa","Guinea","44518","","","",""
"Malaria - number of reported confirmed cases","Published","2008","Africa","Guinea-Bissau","11299","","","",""
"Malaria - number of reported confirmed cases","Published","2009","Africa","Guinea-Bissau","11757","","","",""
"Malaria - number of reported confirmed cases","Published","2010","Africa","Guinea-Bissau","50391","","","",""
"Malaria - number of reported confirmed cases","Published","2011","Africa","Guinea-Bissau","71982","","","",""
"Malaria - number of reported confirmed cases","Published","2010","Americas","Guyana","22935","","","",""
"Malaria - number of reported confirmed cases","Published","2011","Americas","Guyana","29471","","","",""
"Malaria - number of reported confirmed cases","Published","2006","Americas","Haiti","32739","","","",""
"Malaria - number of reported confirmed cases","Published","2007","Americas","Haiti","29824","","","",""
"Malaria - number of reported confirmed cases","Published","2006","Americas","Honduras","11880","","","",""
"Malaria - number of reported confirmed cases","Published","2007","Americas","Honduras","10512","","","",""
"Malaria - number of reported confirmed cases","Published","2008","Americas","Honduras","8368","","","",""
"Malaria - number of reported confirmed cases","Published","2009","Americas","Honduras","9313","","","",""
"Malaria - number of reported confirmed cases","Published","2009","South-East Asia","India","1563574","","","",""
"Malaria - number of reported confirmed cases","Published","2010","South-East Asia","India","1599986","","","",""
"Malaria - number of reported confirmed cases","Published","2011","South-East Asia","India","1310367","","","",""
"Malaria - number of reported confirmed cases","Published","2006","South-East Asia","Indonesia","347597","","","",""
"Malaria - number of reported confirmed cases","Published","2011","South-East Asia","Indonesia","256592","","","",""
"Malaria - number of reported confirmed cases","Published","2006","Eastern Mediterranean","Iran (Islamic Republic of)","13127","","","",""
"Malaria - number of reported confirmed cases","Published","2007","Eastern Mediterranean","Iran (Islamic Republic of)","13278","","","",""
"Malaria - number of reported confirmed cases","Published","2008","Eastern Mediterranean","Iran (Islamic Republic of)","8349","","","",""
"Malaria - number of reported confirmed cases","Published","2007","Eastern Mediterranean","Iraq","2","","","",""
"Malaria - number of reported confirmed cases","Published","2008","Eastern Mediterranean","Iraq","2","","","",""
"Malaria - number of reported confirmed cases","Published","2009","Eastern Mediterranean","Iraq","0","","","",""
"Malaria - number of reported confirmed cases","Published","2010","Eastern Mediterranean","Iraq","0","","","",""
"Malaria - number of reported confirmed cases","Published","2011","Eastern Mediterranean","Iraq","0","","","",""
"Malaria - number of reported confirmed cases","Published","2008","Africa","Kenya","839904","","","",""
"Malaria - number of reported confirmed cases","Published","2010","Africa","Kenya","898531","","","",""
"Malaria - number of reported confirmed cases","Published","2011","Africa","Kenya","1002805","","","",""
"Malaria - number of reported confirmed cases","Published","2006","Europe","Kyrgyzstan","314","","","",""
"Malaria - number of reported confirmed cases","Published","2011","Europe","Kyrgyzstan","0","","","",""
"Malaria - number of reported confirmed cases","Published","2006","Western Pacific","Lao People's Democratic Republic","18382","","","",""
"Malaria - number of reported confirmed cases","Published","2007","Western Pacific","Lao People's Democratic Republic","17458","","","",""
"Malaria - number of reported confirmed cases","Published","2008","Western Pacific","Lao People's Democratic Republic","19347","","","",""
"Malaria - number of reported confirmed cases","Published","2007","Africa","Liberia","492272","","","",""
"Malaria - number of reported confirmed cases","Published","2008","Africa","Liberia","606952","","","",""
"Malaria - number of reported confirmed cases","Published","2009","Africa","Liberia","839581","","","",""
"Malaria - number of reported confirmed cases","Published","2010","Africa","Liberia","922173","","","",""
"Malaria - number of reported confirmed cases","Published","2011","Africa","Liberia","1915762","","","",""
"Malaria - number of reported confirmed cases","Published","2010","Africa","Madagascar","202450","","","",""
"Malaria - number of reported confirmed cases","Published","2011","Africa","Madagascar","224498","","","",""
"Malaria - number of reported confirmed cases","Published","2011","Africa","Malawi","304499","","","",""
"Malaria - number of reported confirmed cases","Published","2006","Western Pacific","Malaysia","4597","","","",""
"Malaria - number of reported confirmed cases","Published","2011","Western Pacific","Malaysia","4164","","","",""
"Malaria - number of reported confirmed cases","Published","2010","Africa","Mali","227482","","","",""
"Malaria - number of reported confirmed cases","Published","2011","Africa","Mali","307035","","","",""
"Malaria - number of reported confirmed cases","Published","2006","Africa","Mauritania","1061","","","",""
"Malaria - number of reported confirmed cases","Published","2006","Americas","Mexico","2514","","","",""
"Malaria - number of reported confirmed cases","Published","2007","Americas","Mexico","2361","","","",""
"Malaria - number of reported confirmed cases","Published","2008","Americas","Mexico","916","","","",""
"Malaria - number of reported confirmed cases","Published","2009","Americas","Mexico","2703","","","",""
"Malaria - number of reported confirmed cases","Published","2010","Americas","Mexico","1226","","","",""
"Malaria - number of reported confirmed cases","Published","2009","Eastern Mediterranean","Morocco","0","","","",""
"Malaria - number of reported confirmed cases","Published","2010","Eastern Mediterranean","Morocco","3","","","",""
"Malaria - number of reported confirmed cases","Published","2011","Eastern Mediterranean","Morocco","1","","","",""
"Malaria - number of reported confirmed cases","Published","2007","Africa","Mozambique","141663","","","",""
"Malaria - number of reported confirmed cases","Published","2006","South-East Asia","Myanmar","203071","","","",""
"Malaria - number of reported confirmed cases","Published","2007","South-East Asia","Myanmar","373958","","","",""
"Malaria - number of reported confirmed cases","Published","2008","South-East Asia","Myanmar","447073","","","",""
"Malaria - number of reported confirmed cases","Published","2009","South-East Asia","Myanmar","436068","","","",""
"Malaria - number of reported confirmed cases","Published","2009","Africa","Namibia","505","","","",""
"Malaria - number of reported confirmed cases","Published","2010","Africa","Namibia","556","","","",""
"Malaria - number of reported confirmed cases","Published","2011","Africa","Namibia","1860","","","",""
"Malaria - number of reported confirmed cases","Published","2006","South-East Asia","Nepal","4351","","","",""
"Malaria - number of reported confirmed cases","Published","2011","South-East Asia","Nepal","2288","","","",""
"Malaria - number of reported confirmed cases","Published","2006","Americas","Nicaragua","3114","","","",""
"Malaria - number of reported confirmed cases","Published","2007","Americas","Nicaragua","1356","","","",""
"Malaria - number of reported confirmed cases","Published","2008","Americas","Nicaragua","762","","","",""
"Malaria - number of reported confirmed cases","Published","2007","Africa","Niger","249027","","","",""
"Malaria - number of reported confirmed cases","Published","2008","Africa","Niger","496858","","","",""
"Malaria - number of reported confirmed cases","Published","2009","Africa","Niger","309675","","","",""
"Malaria - number of reported confirmed cases","Published","2010","Africa","Niger","620058","","","",""
"Malaria - number of reported confirmed cases","Published","2007","Eastern Mediterranean","Oman","4","","","",""
"Malaria - number of reported confirmed cases","Published","2008","Eastern Mediterranean","Oman","8","","","",""
"Malaria - number of reported confirmed cases","Published","2009","Eastern Mediterranean","Oman","0","","","",""
"Malaria - number of reported confirmed cases","Published","2010","Eastern Mediterranean","Oman","24","","","",""
"Malaria - number of reported confirmed cases","Published","2009","Eastern Mediterranean","Pakistan","167579","","","",""
"Malaria - number of reported confirmed cases","Published","2010","Eastern Mediterranean","Pakistan","219175","","","",""
"Malaria - number of reported confirmed cases","Published","2011","Eastern Mediterranean","Pakistan","334589","","","",""
"Malaria - number of reported confirmed cases","Published","2006","Americas","Panama","1651","","","",""
"Malaria - number of reported confirmed cases","Published","2011","Americas","Panama","354","","","",""
"Malaria - number of reported confirmed cases","Published","2006","Western Pacific","Papua New Guinea","93938","","","",""
"Malaria - number of reported confirmed cases","Published","2007","Western Pacific","Papua New Guinea","86955","","","",""
"Malaria - number of reported confirmed cases","Published","2008","Western Pacific","Papua New Guinea","84452","","","",""
"Malaria - number of reported confirmed cases","Published","2008","Americas","Paraguay","348","","","",""
"Malaria - number of reported confirmed cases","Published","2009","Americas","Paraguay","91","","","",""
"Malaria - number of reported confirmed cases","Published","2010","Americas","Paraguay","27","","","",""
"Malaria - number of reported confirmed cases","Published","2011","Americas","Paraguay","10","","","",""
"Malaria - number of reported confirmed cases","Published","2010","Americas","Peru","29174","","","",""
"Malaria - number of reported confirmed cases","Published","2011","Americas","Peru","22878","","","",""
"Malaria - number of reported confirmed cases","Published","2006","Western Pacific","Philippines","35405","","","",""
"Malaria - number of reported confirmed cases","Published","2007","Western Pacific","Philippines","36234","","","",""
"Malaria - number of reported confirmed cases","Published","2006","Western Pacific","Republic of Korea","2021","","","",""
"Malaria - number of reported confirmed cases","Published","2007","Western Pacific","Republic of Korea","2192","","","",""
"Malaria - number of reported confirmed cases","Published","2008","Western Pacific","Republic of Korea","1023","","","",""
"Malaria - number of reported confirmed cases","Published","2009","Western Pacific","Republic of Korea","1309","","","",""
"Malaria - number of reported confirmed cases","Published","2010","Western Pacific","Republic of Korea","1716","","","",""
"Malaria - number of reported confirmed cases","Published","2009","Europe","Russian Federation","0","","","",""
"Malaria - number of reported confirmed cases","Published","2010","Europe","Russian Federation","0","","","",""
"Malaria - number of reported confirmed cases","Published","2011","Europe","Russian Federation","0","","","",""
"Malaria - number of reported confirmed cases","Published","2006","Africa","Rwanda","573686","","","",""
"Malaria - number of reported confirmed cases","Published","2011","Africa","Rwanda","208858","","","",""
"Malaria - number of reported confirmed cases","Published","2006","Africa","Sao Tome and Principe","5146","","","",""
"Malaria - number of reported confirmed cases","Published","2007","Africa","Sao Tome and Principe","2421","","","",""
"Malaria - number of reported confirmed cases","Published","2008","Africa","Sao Tome and Principe","6258","","","",""
"Malaria - number of reported confirmed cases","Published","2007","Eastern Mediterranean","Saudi Arabia","467","","","",""
"Malaria - number of reported confirmed cases","Published","2008","Eastern Mediterranean","Saudi Arabia","61","","","",""
"Malaria - number of reported confirmed cases","Published","2009","Eastern Mediterranean","Saudi Arabia","58","","","",""
"Malaria - number of reported confirmed cases","Published","2010","Eastern Mediterranean","Saudi Arabia","29","","","",""
"Malaria - number of reported confirmed cases","Published","2011","Eastern Mediterranean","Saudi Arabia","69","","","",""
"Malaria - number of reported confirmed cases","Published","2006","Africa","Sierra Leone","4932","","","",""
"Malaria - number of reported confirmed cases","Published","2008","Africa","Sierra Leone","154459","","","",""
"Malaria - number of reported confirmed cases","Published","2009","Africa","Sierra Leone","646808","","","",""
"Malaria - number of reported confirmed cases","Published","2010","Africa","Sierra Leone","934028","","","",""
"Malaria - number of reported confirmed cases","Published","2009","Western Pacific","Solomon Islands","33002","","","",""
"Malaria - number of reported confirmed cases","Published","2010","Western Pacific","Solomon Islands","39704","","","",""
"Malaria - number of reported confirmed cases","Published","2011","Western Pacific","Solomon Islands","26657","","","",""
"Malaria - number of reported confirmed cases","Published","2006","Eastern Mediterranean","Somalia","16430","","","",""
"Malaria - number of reported confirmed cases","Published","2006","Africa","South Africa","12098","","","",""
"Malaria - number of reported confirmed cases","Published","2007","Africa","South Africa","6327","","","",""
"Malaria - number of reported confirmed cases","Published","2008","Africa","South Africa","7796","","","",""
"Malaria - number of reported confirmed cases","Published","2009","Africa","South Africa","2759","","","",""
"Malaria - number of reported confirmed cases","Published","2011","Eastern Mediterranean","South Sudan","112024","","","",""
"Malaria - number of reported confirmed cases","Published","2006","South-East Asia","Sri Lanka","591","","","",""
"Malaria - number of reported confirmed cases","Published","2007","South-East Asia","Sri Lanka","198","","","",""
"Malaria - number of reported confirmed cases","Published","2008","South-East Asia","Sri Lanka","649","","","",""
"Malaria - number of reported confirmed cases","Published","2007","Eastern Mediterranean","Sudan","686908","","","",""
"Malaria - number of reported confirmed cases","Published","2008","Eastern Mediterranean","Sudan","569296","","","",""
"Malaria - number of reported confirmed cases","Published","2009","Eastern Mediterranean","Sudan","711462","","","",""
"Malaria - number of reported confirmed cases","Published","2010","Eastern Mediterranean","Sudan","720557","","","",""
"Malaria - number of reported confirmed cases","Published","2010","Americas","Suriname","1712","","","",""
"Malaria - number of reported confirmed cases","Published","2011","Americas","Suriname","750","","","",""
"Malaria - number of reported confirmed cases","Published","2006","Africa","Swaziland","155","","","",""
"Malaria - number of reported confirmed cases","Published","2007","Africa","Swaziland","84","","","",""
"Malaria - number of reported confirmed cases","Published","2006","Eastern Mediterranean","Syrian Arab Republic","0","","","",""
"Malaria - number of reported confirmed cases","Published","2007","Eastern Mediterranean","Syrian Arab Republic","0","","","",""
"Malaria - number of reported confirmed cases","Published","2008","Eastern Mediterranean","Syrian Arab Republic","0","","","",""
"Malaria - number of reported confirmed cases","Published","2009","Eastern Mediterranean","Syrian Arab Republic","0","","","",""
"Malaria - number of reported confirmed cases","Published","2008","Europe","Tajikistan","314","","","",""
"Malaria - number of reported confirmed cases","Published","2009","Europe","Tajikistan","164","","","",""
"Malaria - number of reported confirmed cases","Published","2010","Europe","Tajikistan","111","","","",""
"Malaria - number of reported confirmed cases","Published","2011","Europe","Tajikistan","65","","","",""
"Malaria - number of reported confirmed cases","Published","2011","South-East Asia","Thailand","24897","","","",""
"Malaria - number of reported confirmed cases","Published","2006","South-East Asia","Timor-Leste","37896","","","",""
"Malaria - number of reported confirmed cases","Published","2007","South-East Asia","Timor-Leste","52813","","","",""
"Malaria - number of reported confirmed cases","Published","2008","South-East Asia","Timor-Leste","51260","","","",""
"Malaria - number of reported confirmed cases","Published","2008","Africa","Togo","344862","","","",""
"Malaria - number of reported confirmed cases","Published","2009","Africa","Togo","391338","","","",""
"Malaria - number of reported confirmed cases","Published","2010","Africa","Togo","617101","","","",""
"Malaria - number of reported confirmed cases","Published","2011","Africa","Togo","519450","","","",""
"Malaria - number of reported confirmed cases","Published","2010","Europe","Turkey","0","","","",""
"Malaria - number of reported confirmed cases","Published","2011","Europe","Turkey","0","","","",""
"Malaria - number of reported confirmed cases","Published","2006","Europe","Turkmenistan","0","","","",""
"Malaria - number of reported confirmed cases","Published","2007","Europe","Turkmenistan","0","","","",""
"Malaria - number of reported confirmed cases","Published","2008","Europe","Turkmenistan","0","","","",""
"Malaria - number of reported confirmed cases","Published","2008","Africa","Uganda","979298","","","",""
"Malaria - number of reported confirmed cases","Published","2009","Africa","Uganda","1301337","","","",""
"Malaria - number of reported confirmed cases","Published","2010","Africa","Uganda","1581160","","","",""
"Malaria - number of reported confirmed cases","Published","2011","Africa","Uganda","231873","","","",""
"Malaria - number of reported confirmed cases","Published","2006","Europe","Uzbekistan","60","","","",""
"Malaria - number of reported confirmed cases","Published","2007","Europe","Uzbekistan","30","","","",""
"Malaria - number of reported confirmed cases","Published","2008","Europe","Uzbekistan","7","","","",""
"Malaria - number of reported confirmed cases","Published","2009","Europe","Uzbekistan","0","","","",""
"Malaria - number of reported confirmed cases","Published","2008","Western Pacific","Vanuatu","3765","","","",""
"Malaria - number of reported confirmed cases","Published","2009","Western Pacific","Vanuatu","4189","","","",""
"Malaria - number of reported confirmed cases","Published","2010","Western Pacific","Vanuatu","8169","","","",""
"Malaria - number of reported confirmed cases","Published","2011","Western Pacific","Vanuatu","4820","","","",""
"Malaria - number of reported confirmed cases","Published","2006","Americas","Venezuela (Bolivarian Republic of)","37062","","","",""
"Malaria - number of reported confirmed cases","Published","2011","Americas","Venezuela (Bolivarian Republic of)","45824","","","",""
"Malaria - number of reported confirmed cases","Published","2006","Western Pacific","Viet Nam","22637","","","",""
"Malaria - number of reported confirmed cases","Published","2007","Western Pacific","Viet Nam","16389","","","",""
"Malaria - number of reported confirmed cases","Published","2008","Western Pacific","Viet Nam","11355","","","",""
"Malaria - number of reported confirmed cases","Published","2007","Eastern Mediterranean","Yemen","67677","","","",""
"Malaria - number of reported confirmed cases","Published","2008","Eastern Mediterranean","Yemen","44206","","","",""
"Malaria - number of reported confirmed cases","Published","2009","Eastern Mediterranean","Yemen","55446","","","",""
"Malaria - number of reported confirmed cases","Published","2010","Eastern Mediterranean","Yemen","106697","","","",""
"Malaria - number of reported confirmed cases","Published","2007","Africa","Zimbabwe","116518","","","",""
"Malaria - number of reported confirmed cases","Published","2008","Africa","Zimbabwe","32788","","","",""
"Malaria - number of reported confirmed cases","Published","2009","Africa","Zimbabwe","114028","","","",""
"Malaria - number of reported confirmed cases","Published","2010","Africa","Zimbabwe","249379","","","",""
"Malaria - number of reported confirmed cases","Published","2008","Eastern Mediterranean","Afghanistan","81574","","","",""
"Malaria - number of reported confirmed cases","Published","2009","Eastern Mediterranean","Afghanistan","64880","","","",""
"Malaria - number of reported confirmed cases","Published","2010","Eastern Mediterranean","Afghanistan","69397","","","",""
"Malaria - number of reported confirmed cases","Published","2011","Eastern Mediterranean","Afghanistan","77549","","","",""
"Malaria - number of reported confirmed cases","Published","2010","Africa","Algeria","12","","","",""
"Malaria - number of reported confirmed cases","Published","2011","Africa","Algeria","4","","","",""
"Malaria - number of reported confirmed cases","Published","2006","Africa","Angola","1082398","","","",""
"Malaria - number of reported confirmed cases","Published","2007","Africa","Angola","1533485","","","",""
"Malaria - number of reported confirmed cases","Published","2006","Americas","Argentina","212","","","",""
"Malaria - number of reported confirmed cases","Published","2007","Americas","Argentina","387","","","",""
"Malaria - number of reported confirmed cases","Published","2008","Americas","Argentina","106","","","",""
"Malaria - number of reported confirmed cases","Published","2009","Americas","Argentina","86","","","",""
"Malaria - number of reported confirmed cases","Published","2010","Americas","Argentina","72","","","",""
"Malaria - number of reported confirmed cases","Published","2009","Europe","Armenia","0","","","",""
"Malaria - number of reported confirmed cases","Published","2010","Europe","Armenia","0","","","",""
"Malaria - number of reported confirmed cases","Published","2006","Europe","Azerbaijan","141","","","",""
"Malaria - number of reported confirmed cases","Published","2007","Europe","Azerbaijan","108","","","",""
"Malaria - number of reported confirmed cases","Published","2006","Americas","Bahamas","19","","","",""
"Malaria - number of reported confirmed cases","Published","2007","Americas","Bahamas","1","","","",""
"Malaria - number of reported confirmed cases","Published","2008","Americas","Bahamas","12","","","",""
"Malaria - number of reported confirmed cases","Published","2010","Americas","Bahamas","0","","","",""
"Malaria - number of reported confirmed cases","Published","2011","South-East Asia","Bangladesh","51773","","","",""
"Malaria - number of reported confirmed cases","Published","2006","Americas","Belize","844","","","",""
"Malaria - number of reported confirmed cases","Published","2007","Americas","Belize","845","","","",""
"Malaria - number of reported confirmed cases","Published","2008","Americas","Belize","538","","","",""
"Malaria - number of reported confirmed cases","Published","2008","Africa","Benin","0","","","",""
"Malaria - number of reported confirmed cases","Published","2009","Africa","Benin","889597","","","",""
"Malaria - number of reported confirmed cases","Published","2011","Africa","Benin","422968","","","",""
"Malaria - number of reported confirmed cases","Published","2006","South-East Asia","Bhutan","1868","","","",""
"Malaria - number of reported confirmed cases","Published","2011","South-East Asia","Bhutan","194","","","",""
"Malaria - number of reported confirmed cases","Published","2006","Americas","Bolivia (Plurinational State of)","19725","","","",""
"Malaria - number of reported confirmed cases","Published","2007","Americas","Bolivia (Plurinational State of)","14610","","","",""
"Malaria - number of reported confirmed cases","Published","2008","Americas","Bolivia (Plurinational State of)","9742","","","",""
"Malaria - number of reported confirmed cases","Published","2008","Africa","Botswana","927","","","",""
"Malaria - number of reported confirmed cases","Published","2009","Africa","Botswana","1024","","","",""
"Malaria - number of reported confirmed cases","Published","2010","Africa","Botswana","1046","","","",""
"Malaria - number of reported confirmed cases","Published","2011","Africa","Botswana","432","","","",""
"Malaria - number of reported confirmed cases","Published","2010","Americas","Brazil","334618","","","",""
"Malaria - number of reported confirmed cases","Published","2011","Americas","Brazil","267045","","","",""
"Malaria - number of reported confirmed cases","Published","2006","Africa","Burkina Faso","44265","","","",""
"Malaria - number of reported confirmed cases","Published","2007","Africa","Burkina Faso","44246","","","",""
"Malaria - number of reported confirmed cases","Published","2006","Africa","Burundi","791731","","","",""
"Malaria - number of reported confirmed cases","Published","2007","Africa","Burundi","1101644","","","",""
"Malaria - number of reported confirmed cases","Published","2008","Africa","Burundi","876741","","","",""
"Malaria - number of reported confirmed cases","Published","2009","Africa","Burundi","1185622","","","",""
"Malaria - number of reported confirmed cases","Published","2009","Western Pacific","Cambodia","64595","","","",""
"Malaria - number of reported confirmed cases","Published","2010","Western Pacific","Cambodia","49356","","","",""
"Malaria - number of reported confirmed cases","Published","2011","Western Pacific","Cambodia","57423","","","",""
"Malaria - number of reported confirmed cases","Published","2007","Africa","Cameroon","313083","","","",""
"Malaria - number of reported confirmed cases","Published","2009","Africa","Cabo Verde","65","","","",""
"Malaria - number of reported confirmed cases","Published","2010","Africa","Cabo Verde","18","","","",""
"Malaria - number of reported confirmed cases","Published","2011","Africa","Cabo Verde","36","","","",""
"Malaria - number of reported confirmed cases","Published","2006","Africa","Chad","45155","","","",""
"Malaria - number of reported confirmed cases","Published","2006","Western Pacific","China","33286","","","",""
"Malaria - number of reported confirmed cases","Published","2007","Western Pacific","China","28112","","","",""
"Malaria - number of reported confirmed cases","Published","2008","Western Pacific","China","15870","","","",""
"Malaria - number of reported confirmed cases","Published","2009","Western Pacific","China","9287","","","",""
"Malaria - number of reported confirmed cases","Published","2010","Western Pacific","China","4990","","","",""
"Malaria - number of reported confirmed cases","Published","2009","Americas","Colombia","79347","","","",""
"Malaria - number of reported confirmed cases","Published","2010","Americas","Colombia","117650","","","",""
"Malaria - number of reported confirmed cases","Published","2011","Americas","Colombia","64309","","","",""
"Malaria - number of reported confirmed cases","Published","2006","Africa","Comoros","20559","","","",""
"Malaria - number of reported confirmed cases","Published","2008","Africa","Congo","117291","","","",""
"Malaria - number of reported confirmed cases","Published","2009","Africa","Congo","92855","","","",""
"Malaria - number of reported confirmed cases","Published","2011","Africa","Congo","71048","","","",""
"Malaria - number of reported confirmed cases","Published","2006","Americas","Costa Rica","2903","","","",""
"Malaria - number of reported confirmed cases","Published","2011","Americas","Costa Rica","17","","","",""
"Malaria - number of reported confirmed cases","Published","2008","Africa","C?te d'Ivoire","3527","","","",""
"Malaria - number of reported confirmed cases","Published","2009","Africa","C?te d'Ivoire","7388","","","",""
"Malaria - number of reported confirmed cases","Published","2010","Africa","C?te d'Ivoire","62726","","","",""
"Malaria - number of reported confirmed cases","Published","2011","Africa","C?te d'Ivoire","29976","","","",""
"Malaria - number of reported confirmed cases","Published","2010","South-East Asia","Democratic People's Republic of Korea","13393","","","",""
"Malaria - number of reported confirmed cases","Published","2011","South-East Asia","Democratic People's Republic of Korea","15633","","","",""
"Malaria - number of reported confirmed cases","Published","2006","Africa","Democratic Republic of the Congo","2050","","","",""
"Malaria - number of reported confirmed cases","Published","2007","Africa","Democratic Republic of the Congo","740858","","","",""
"Malaria - number of reported confirmed cases","Published","2006","Eastern Mediterranean","Djibouti","1796","","","",""
"Malaria - number of reported confirmed cases","Published","2007","Eastern Mediterranean","Djibouti","210","","","",""
"Malaria - number of reported confirmed cases","Published","2008","Eastern Mediterranean","Djibouti","119","","","",""
"Malaria - number of reported confirmed cases","Published","2009","Eastern Mediterranean","Djibouti","2686","","","",""
"Malaria - number of reported confirmed cases","Published","2010","Americas","Dominican Republic","3414","","","",""
"Malaria - number of reported confirmed cases","Published","2011","Americas","Dominican Republic","1616","","","",""
"Malaria - number of reported confirmed cases","Published","2006","Americas","Ecuador","9863","","","",""
"Malaria - number of reported confirmed cases","Published","2007","Americas","Ecuador","8464","","","",""
"Malaria - number of reported confirmed cases","Published","2006","Eastern Mediterranean","Egypt","0","","","",""
"Malaria - number of reported confirmed cases","Published","2007","Eastern Mediterranean","Egypt","0","","","",""
"Malaria - number of reported confirmed cases","Published","2008","Eastern Mediterranean","Egypt","0","","","",""
"Malaria - number of reported confirmed cases","Published","2009","Eastern Mediterranean","Egypt","0","","","",""
"Malaria - number of reported confirmed cases","Published","2008","Americas","El Salvador","21","","","",""
"Malaria - number of reported confirmed cases","Published","2009","Americas","El Salvador","10","","","",""
"Malaria - number of reported confirmed cases","Published","2010","Americas","El Salvador","24","","","",""
"Malaria - number of reported confirmed cases","Published","2011","Americas","El Salvador","16","","","",""
"Malaria - number of reported confirmed cases","Published","2006","Africa","Eritrea","6541","","","",""
"Malaria - number of reported confirmed cases","Published","2007","Africa","Eritrea","15565","","","",""
"Malaria - number of reported confirmed cases","Published","2008","Africa","Eritrea","8764","","","",""
"Malaria - number of reported confirmed cases","Published","2009","Africa","Eritrea","11759","","","",""
"Malaria - number of reported confirmed cases","Published","2008","Africa","Ethiopia","458561","","","",""
"Malaria - number of reported confirmed cases","Published","2009","Africa","Ethiopia","1036316","","","",""
"Malaria - number of reported confirmed cases","Published","2010","Africa","Ethiopia","1158197","","","",""
"Malaria - number of reported confirmed cases","Published","2011","Africa","Ethiopia","1480306","","","",""
"Malaria - number of reported confirmed cases","Published","2010","Africa","Gabon","8566","","","",""
"Malaria - number of reported confirmed cases","Published","2008","Africa","Gambia","39164","","","",""
"Malaria - number of reported confirmed cases","Published","2009","Africa","Gambia","50378","","","",""
"Malaria - number of reported confirmed cases","Published","2010","Africa","Gambia","116353","","","",""
"Malaria - number of reported confirmed cases","Published","2010","Europe","Georgia","0","","","",""
"Malaria - number of reported confirmed cases","Published","2011","Europe","Georgia","0","","","",""
"Malaria - number of reported confirmed cases","Published","2006","Africa","Ghana","472255","","","",""
"Malaria - number of reported confirmed cases","Published","2007","Africa","Ghana","476484","","","",""
"Malaria - number of reported confirmed cases","Published","2006","Americas","Guatemala","31093","","","",""
"Malaria - number of reported confirmed cases","Published","2007","Americas","Guatemala","15382","","","",""
"Malaria - number of reported confirmed cases","Published","2008","Americas","Guatemala","7193","","","",""
"Malaria - number of reported confirmed cases","Published","2009","Americas","Guatemala","7080","","","",""
"Malaria - number of reported confirmed cases","Published","2008","Africa","Guinea","33405","","","",""
"Malaria - number of reported confirmed cases","Published","2009","Africa","Guinea","35841","","","",""
"Malaria - number of reported confirmed cases","Published","2011","Africa","Guinea","95574","","","",""
"Malaria - number of reported confirmed cases","Published","2006","Africa","Guinea-Bissau","15120","","","",""
"Malaria - number of reported confirmed cases","Published","2007","Africa","Guinea-Bissau","14284","","","",""
"Malaria - number of reported confirmed cases","Published","2006","Americas","Guyana","21064","","","",""
"Malaria - number of reported confirmed cases","Published","2007","Americas","Guyana","11657","","","",""
"Malaria - number of reported confirmed cases","Published","2008","Americas","Guyana","11774","","","",""
"Malaria - number of reported confirmed cases","Published","2009","Americas","Guyana","13673","","","",""
"Malaria - number of reported confirmed cases","Published","2008","Americas","Haiti","36769","","","",""
"Malaria - number of reported confirmed cases","Published","2009","Americas","Haiti","49535","","","",""
"Malaria - number of reported confirmed cases","Published","2010","Americas","Haiti","84153","","","",""
"Malaria - number of reported confirmed cases","Published","2011","Americas","Haiti","32048","","","",""
"Malaria - number of reported confirmed cases","Published","2010","Americas","Honduras","9682","","","",""
"Malaria - number of reported confirmed cases","Published","2011","Americas","Honduras","7615","","","",""
"Malaria - number of reported confirmed cases","Published","2006","South-East Asia","India","1785109","","","",""
"Malaria - number of reported confirmed cases","Published","2007","South-East Asia","India","1508927","","","",""
"Malaria - number of reported confirmed cases","Published","2008","South-East Asia","India","1532497","","","",""
"Malaria - number of reported confirmed cases","Published","2007","South-East Asia","Indonesia","333792","","","",""
"Malaria - number of reported confirmed cases","Published","2008","South-East Asia","Indonesia","266277","","","",""
"Malaria - number of reported confirmed cases","Published","2009","South-East Asia","Indonesia","272491","","","",""
"Malaria - number of reported confirmed cases","Published","2010","South-East Asia","Indonesia","229819","","","",""
"Malaria - number of reported confirmed cases","Published","2009","Eastern Mediterranean","Iran (Islamic Republic of)","4477","","","",""
"Malaria - number of reported confirmed cases","Published","2010","Eastern Mediterranean","Iran (Islamic Republic of)","1847","","","",""
"Malaria - number of reported confirmed cases","Published","2011","Eastern Mediterranean","Iran (Islamic Republic of)","1710","","","",""
"Malaria - number of reported confirmed cases","Published","2006","Eastern Mediterranean","Iraq","23","","","",""
"Malaria - number of reported confirmed cases","Published","2006","Americas","Jamaica","186","","","",""
"Malaria - number of reported confirmed cases","Published","2007","Americas","Jamaica","191","","","",""
"Malaria - number of reported confirmed cases","Published","2008","Americas","Jamaica","18","","","",""
"Malaria - number of reported confirmed cases","Published","2009","Americas","Jamaica","15","","","",""
"Malaria - number of reported confirmed cases","Published","2007","Europe","Kyrgyzstan","96","","","",""
"Malaria - number of reported confirmed cases","Published","2008","Europe","Kyrgyzstan","18","","","",""
"Malaria - number of reported confirmed cases","Published","2009","Europe","Kyrgyzstan","4","","","",""
"Malaria - number of reported confirmed cases","Published","2010","Europe","Kyrgyzstan","3","","","",""
"Malaria - number of reported confirmed cases","Published","2009","Western Pacific","Lao People's Democratic Republic","14674","","","",""
"Malaria - number of reported confirmed cases","Published","2010","Western Pacific","Lao People's Democratic Republic","20800","","","",""
"Malaria - number of reported confirmed cases","Published","2011","Western Pacific","Lao People's Democratic Republic","17835","","","",""
"Malaria - number of reported confirmed cases","Published","2006","Africa","Liberia","761415","","","",""
"Malaria - number of reported confirmed cases","Published","2006","Africa","Madagascar","5689","","","",""
"Malaria - number of reported confirmed cases","Published","2007","Africa","Madagascar","48497","","","",""
"Malaria - number of reported confirmed cases","Published","2008","Africa","Madagascar","93234","","","",""
"Malaria - number of reported confirmed cases","Published","2009","Africa","Madagascar","215110","","","",""
"Malaria - number of reported confirmed cases","Published","2007","Western Pacific","Malaysia","4627","","","",""
"Malaria - number of reported confirmed cases","Published","2008","Western Pacific","Malaysia","6517","","","",""
"Malaria - number of reported confirmed cases","Published","2009","Western Pacific","Malaysia","6426","","","",""
"Malaria - number of reported confirmed cases","Published","2010","Western Pacific","Malaysia","5819","","","",""
"Malaria - number of reported confirmed cases","Published","2008","Africa","Mauritania","302","","","",""
"Malaria - number of reported confirmed cases","Published","2009","Africa","Mauritania","940","","","",""
"Malaria - number of reported confirmed cases","Published","2010","Africa","Mauritania","1994","","","",""
"Malaria - number of reported confirmed cases","Published","2011","Africa","Mauritania","2926","","","",""
"Malaria - number of reported confirmed cases","Published","2011","Americas","Mexico","1124","","","",""
"Malaria - number of reported confirmed cases","Published","2006","Eastern Mediterranean","Morocco","0","","","",""
"Malaria - number of reported confirmed cases","Published","2007","Eastern Mediterranean","Morocco","0","","","",""
"Malaria - number of reported confirmed cases","Published","2008","Eastern Mediterranean","Morocco","0","","","",""
"Malaria - number of reported confirmed cases","Published","2008","Africa","Mozambique","120259","","","",""
"Malaria - number of reported confirmed cases","Published","2009","Africa","Mozambique","93874","","","",""
"Malaria - number of reported confirmed cases","Published","2010","Africa","Mozambique","1522577","","","",""
"Malaria - number of reported confirmed cases","Published","2011","Africa","Mozambique","1756874","","","",""
"Malaria - number of reported confirmed cases","Published","2010","South-East Asia","Myanmar","420808","","","",""
"Malaria - number of reported confirmed cases","Published","2011","South-East Asia","Myanmar","465294","","","",""
"Malaria - number of reported confirmed cases","Published","2006","Africa","Namibia","27690","","","",""
"Malaria - number of reported confirmed cases","Published","2007","Africa","Namibia","4242","","","",""
"Malaria - number of reported confirmed cases","Published","2008","Africa","Namibia","1092","","","",""
"Malaria - number of reported confirmed cases","Published","2007","South-East Asia","Nepal","4741","","","",""
"Malaria - number of reported confirmed cases","Published","2008","South-East Asia","Nepal","3228","","","",""
"Malaria - number of reported confirmed cases","Published","2009","South-East Asia","Nepal","2725","","","",""
"Malaria - number of reported confirmed cases","Published","2010","South-East Asia","Nepal","2792","","","",""
"Malaria - number of reported confirmed cases","Published","2009","Americas","Nicaragua","610","","","",""
"Malaria - number of reported confirmed cases","Published","2010","Americas","Nicaragua","692","","","",""
"Malaria - number of reported confirmed cases","Published","2011","Americas","Nicaragua","925","","","",""
"Malaria - number of reported confirmed cases","Published","2006","Africa","Niger","3956","","","",""
"Malaria - number of reported confirmed cases","Published","2011","Africa","Niger","780876","","","",""
"Malaria - number of reported confirmed cases","Published","2008","Africa","Nigeria","143079","","","",""
"Malaria - number of reported confirmed cases","Published","2009","Africa","Nigeria","479845","","","",""
"Malaria - number of reported confirmed cases","Published","2010","Africa","Nigeria","551187","","","",""
"Malaria - number of reported confirmed cases","Published","2006","Eastern Mediterranean","Oman","0","","","",""
"Malaria - number of reported confirmed cases","Published","2011","Eastern Mediterranean","Oman","13","","","",""
"Malaria - number of reported confirmed cases","Published","2006","Eastern Mediterranean","Pakistan","123761","","","",""
"Malaria - number of reported confirmed cases","Published","2007","Eastern Mediterranean","Pakistan","128380","","","",""
"Malaria - number of reported confirmed cases","Published","2008","Eastern Mediterranean","Pakistan","104334","","","",""
"Malaria - number of reported confirmed cases","Published","2007","Americas","Panama","1265","","","",""
"Malaria - number of reported confirmed cases","Published","2008","Americas","Panama","732","","","",""
"Malaria - number of reported confirmed cases","Published","2009","Americas","Panama","770","","","",""
"Malaria - number of reported confirmed cases","Published","2010","Americas","Panama","418","","","",""
"Malaria - number of reported confirmed cases","Published","2009","Western Pacific","Papua New Guinea","77758","","","",""
"Malaria - number of reported confirmed cases","Published","2010","Western Pacific","Papua New Guinea","93956","","","",""
"Malaria - number of reported confirmed cases","Published","2011","Western Pacific","Papua New Guinea","80928","","","",""
"Malaria - number of reported confirmed cases","Published","2006","Americas","Paraguay","823","","","",""
"Malaria - number of reported confirmed cases","Published","2007","Americas","Paraguay","1341","","","",""
"Malaria - number of reported confirmed cases","Published","2006","Americas","Peru","64925","","","",""
"Malaria - number of reported confirmed cases","Published","2007","Americas","Peru","50797","","","",""
"Malaria - number of reported confirmed cases","Published","2008","Americas","Peru","42214","","","",""
"Malaria - number of reported confirmed cases","Published","2009","Americas","Peru","36886","","","",""
"Malaria - number of reported confirmed cases","Published","2008","Western Pacific","Philippines","23653","","","",""
"Malaria - number of reported confirmed cases","Published","2009","Western Pacific","Philippines","19316","","","",""
"Malaria - number of reported confirmed cases","Published","2010","Western Pacific","Philippines","18560","","","",""
"Malaria - number of reported confirmed cases","Published","2011","Western Pacific","Philippines","9552","","","",""
"Malaria - number of reported confirmed cases","Published","2011","Western Pacific","Republic of Korea","774","","","",""
"Malaria - number of reported confirmed cases","Published","2006","Europe","Russian Federation","11","","","",""
"Malaria - number of reported confirmed cases","Published","2007","Europe","Russian Federation","0","","","",""
"Malaria - number of reported confirmed cases","Published","2008","Europe","Russian Federation","0","","","",""
"Malaria - number of reported confirmed cases","Published","2007","Africa","Rwanda","382686","","","",""
"Malaria - number of reported confirmed cases","Published","2008","Africa","Rwanda","316242","","","",""
"Malaria - number of reported confirmed cases","Published","2009","Africa","Rwanda","698745","","","",""
"Malaria - number of reported confirmed cases","Published","2010","Africa","Rwanda","638669","","","",""
"Malaria - number of reported confirmed cases","Published","2009","Africa","Sao Tome and Principe","6182","","","",""
"Malaria - number of reported confirmed cases","Published","2010","Africa","Sao Tome and Principe","2740","","","",""
"Malaria - number of reported confirmed cases","Published","2011","Africa","Sao Tome and Principe","8442","","","",""
"Malaria - number of reported confirmed cases","Published","2006","Eastern Mediterranean","Saudi Arabia","270","","","",""
"Malaria - number of reported confirmed cases","Published","2006","Africa","Senegal","49366","","","",""
"Malaria - number of reported confirmed cases","Published","2007","Africa","Senegal","118332","","","",""
"Malaria - number of reported confirmed cases","Published","2008","Africa","Senegal","241926","","","",""
"Malaria - number of reported confirmed cases","Published","2009","Africa","Senegal","165933","","","",""
"Malaria - number of reported confirmed cases","Published","2011","Africa","Sierra Leone","638859","","","",""
"Malaria - number of reported confirmed cases","Published","2006","Western Pacific","Solomon Islands","75337","","","",""
"Malaria - number of reported confirmed cases","Published","2007","Western Pacific","Solomon Islands","65404","","","",""
"Malaria - number of reported confirmed cases","Published","2008","Western Pacific","Solomon Islands","40535","","","",""
"Malaria - number of reported confirmed cases","Published","2007","Eastern Mediterranean","Somalia","16675","","","",""
"Malaria - number of reported confirmed cases","Published","2008","Eastern Mediterranean","Somalia","36905","","","",""
"Malaria - number of reported confirmed cases","Published","2009","Eastern Mediterranean","Somalia","25202","","","",""
"Malaria - number of reported confirmed cases","Published","2010","Eastern Mediterranean","Somalia","24553","","","",""
"Malaria - number of reported confirmed cases","Published","2011","Eastern Mediterranean","Somalia","3351","","","",""
"Malaria - number of reported confirmed cases","Published","2010","Africa","South Africa","3875","","","",""
"Malaria - number of reported confirmed cases","Published","2011","Africa","South Africa","9866","","","",""
"Malaria - number of reported confirmed cases","Published","2008","Eastern Mediterranean","South Sudan","52011","","","",""
"Malaria - number of reported confirmed cases","Published","2010","Eastern Mediterranean","South Sudan","900283","","","",""
"Malaria - number of reported confirmed cases","Published","2009","South-East Asia","Sri Lanka","531","","","",""
"Malaria - number of reported confirmed cases","Published","2010","South-East Asia","Sri Lanka","632","","","",""
"Malaria - number of reported confirmed cases","Published","2011","South-East Asia","Sri Lanka","124","","","",""
"Malaria - number of reported confirmed cases","Published","2006","Eastern Mediterranean","Sudan","721233","","","",""
"Malaria - number of reported confirmed cases","Published","2011","Eastern Mediterranean","Sudan","506806","","","",""
"Malaria - number of reported confirmed cases","Published","2006","Americas","Suriname","3289","","","",""
"Malaria - number of reported confirmed cases","Published","2007","Americas","Suriname","1741","","","",""
"Malaria - number of reported confirmed cases","Published","2008","Americas","Suriname","2709","","","",""
"Malaria - number of reported confirmed cases","Published","2009","Americas","Suriname","1355","","","",""
"Malaria - number of reported confirmed cases","Published","2008","Africa","Swaziland","58","","","",""
"Malaria - number of reported confirmed cases","Published","2009","Africa","Swaziland","106","","","",""
"Malaria - number of reported confirmed cases","Published","2010","Africa","Swaziland","268","","","",""
"Malaria - number of reported confirmed cases","Published","2011","Africa","Swaziland","549","","","",""
"Malaria - number of reported confirmed cases","Published","2010","Eastern Mediterranean","Syrian Arab Republic","0","","","",""
"Malaria - number of reported confirmed cases","Published","2011","Eastern Mediterranean","Syrian Arab Republic","0","","","",""
"Malaria - number of reported confirmed cases","Published","2006","Europe","Tajikistan","1343","","","",""
"Malaria - number of reported confirmed cases","Published","2007","Europe","Tajikistan","635","","","",""
"Malaria - number of reported confirmed cases","Published","2006","South-East Asia","Thailand","30294","","","",""
"Malaria - number of reported confirmed cases","Published","2007","South-East Asia","Thailand","33178","","","",""
"Malaria - number of reported confirmed cases","Published","2008","South-East Asia","Thailand","28569","","","",""
"Malaria - number of reported confirmed cases","Published","2009","South-East Asia","Thailand","29462","","","",""
"Malaria - number of reported confirmed cases","Published","2010","South-East Asia","Thailand","32480","","","",""
"Malaria - number of reported confirmed cases","Published","2009","South-East Asia","Timor-Leste","47527","","","",""
"Malaria - number of reported confirmed cases","Published","2010","South-East Asia","Timor-Leste","48137","","","",""
"Malaria - number of reported confirmed cases","Published","2011","South-East Asia","Timor-Leste","19739","","","",""
"Malaria - number of reported confirmed cases","Published","2007","Africa","Togo","221110","","","",""
"Malaria - number of reported confirmed cases","Published","2006","Europe","Turkey","751","","","",""
"Malaria - number of reported confirmed cases","Published","2007","Europe","Turkey","313","","","",""
"Malaria - number of reported confirmed cases","Published","2008","Europe","Turkey","166","","","",""
"Malaria - number of reported confirmed cases","Published","2009","Europe","Turkey","38","","","",""
"Malaria - number of reported confirmed cases","Published","2009","Europe","Turkmenistan","0","","","",""
"Malaria - number of reported confirmed cases","Published","2010","Europe","Turkmenistan","0","","","",""
"Malaria - number of reported confirmed cases","Published","2006","Africa","Uganda","867398","","","",""
"Malaria - number of reported confirmed cases","Published","2007","Africa","Uganda","1045378","","","",""
"Malaria - number of reported confirmed cases","Published","2006","Africa","United Republic of Tanzania","1928296","","","",""
"Malaria - number of reported confirmed cases","Published","2007","Africa","United Republic of Tanzania","1845917","","","",""
"Malaria - number of reported confirmed cases","Published","2008","Africa","United Republic of Tanzania","67","","","",""
"Malaria - number of reported confirmed cases","Published","2009","Africa","United Republic of Tanzania","40","","","",""
"Malaria - number of reported confirmed cases","Published","2010","Europe","Uzbekistan","3","","","",""
"Malaria - number of reported confirmed cases","Published","2011","Europe","Uzbekistan","0","","","",""
"Malaria - number of reported confirmed cases","Published","2006","Western Pacific","Vanuatu","8055","","","",""
"Malaria - number of reported confirmed cases","Published","2007","Western Pacific","Vanuatu","5471","","","",""
"Malaria - number of reported confirmed cases","Published","2007","Americas","Venezuela (Bolivarian Republic of)","41243","","","",""
"Malaria - number of reported confirmed cases","Published","2008","Americas","Venezuela (Bolivarian Republic of)","31483","","","",""
"Malaria - number of reported confirmed cases","Published","2009","Americas","Venezuela (Bolivarian Republic of)","35100","","","",""
"Malaria - number of reported confirmed cases","Published","2010","Americas","Venezuela (Bolivarian Republic of)","45155","","","",""
"Malaria - number of reported confirmed cases","Published","2009","Western Pacific","Viet Nam","16130","","","",""
"Malaria - number of reported confirmed cases","Published","2010","Western Pacific","Viet Nam","17515","","","",""
"Malaria - number of reported confirmed cases","Published","2011","Western Pacific","Viet Nam","16612","","","",""
"Malaria - number of reported confirmed cases","Published","2006","Eastern Mediterranean","Yemen","55000","","","",""
"Malaria - number of reported confirmed cases","Published","2011","Eastern Mediterranean","Yemen","90410","","","",""
"Malaria - number of reported confirmed cases","Published","2007","Africa","Zambia","0","","","",""
"Malaria - number of reported confirmed cases","Published","2008","Africa","Zambia","0","","","",""
"Malaria - number of reported confirmed cases","Published","2009","Africa","Zambia","0","","","",""
"Malaria - number of reported confirmed cases","Published","2006","Africa","Zimbabwe","39404","","","",""
"Malaria - number of reported confirmed cases","Published","2011","Africa","Zimbabwe","319935","","","",""
"Malaria - number of reported confirmed cases","Published","2006","Americas","United States of America","1564","","","",""
"Malaria - number of reported confirmed cases","Published","2007","Americas","United States of America","1505","","","",""
"Malaria - number of reported confirmed cases","Published","2008","Americas","United States of America","1298","","","",""
"Malaria - number of reported confirmed cases","Published","2009","Americas","United States of America","1484","","","",""
"Malaria - number of reported confirmed cases","Published","2010","Americas","United States of America","1691","","","",""
"Malaria - number of reported confirmed cases","Published","2011","Americas","United States of America","1925","","","",""
